Workbook
Name liste_niveau: LISTES!$A$3:$A$6
Name liste_statut_nageur: LISTES!$B$3:$B$6
Name liste_sexe: LISTES!$C$3:$C$4
Name liste_cadre: LISTES!$D$3:$D$4
Name liste_bassin: LISTES!$E$3:$E$4
Name liste_oui_non: LISTES!$F$3:$F$4
Name liste_discipline: LISTES!$G$3:$G$8
Name liste_nage: LISTES!$H$3:$H$7
Name liste_priorite: LISTES!$I$3:$I$4
Name liste_statut_objectif: LISTES!$J$3:$J$6
Name liste_protocole: LISTES!$K$3:$K$8
Name liste_depart: LISTES!$L$3:$L$5
Name liste_contexte: LISTES!$M$3:$M$5
Name liste_forme: LISTES!$N$3:$N$6
Name liste_bassin_lieu: LISTES!$O$3:$O$5
Name liste_theme_seance: LISTES!$P$3:$P$10
Name liste_faite_seance: LISTES!$Q$3:$Q$5
Name liste_type_semaine: LISTES!$R$3:$R$6
Name liste_qualite: LISTES!$S$3:$S$5

Sheet GUIDE
B2: SUIVI NAGEURS — COACH DE LIGNE
B3: Excel 365 (Mac ou Windows). Jaune = tu saisis. Gris = formule, ne pas écraser. Léa / Thomas / Inès sont des EXEMPLES — remplace-les par tes nageurs.
B5: 1. Logique
B6: 1 ligne dans NAGEURS, 1 objectif A dans OBJECTIFS, 1 ligne par chrono dans TESTS (on n’écrase jamais un temps). Le DASHBOARD se calcule tout seul. EXPORT reprend les champs utiles pour MySWYM (T100, cible, date).
B9: 2. Batterie A — vitesse (toutes les 4–5 semaines)
B10: Même échauffement à chaque fois (600–800 m). T50 à fond, récup 6–8 min, T100 à fond. Noter bassin (25/50), départ (plongé / poussée), nage. Pas de 400 le même jour.
B13: 3. Batterie B — aérobie (toutes les 6–8 semaines)
B14: T200 quasi max régulier, récup 10–15 min, T400. CSS = (T400 − T200) / 2 (allure seuil aux 100 m). Utile 400 / triathlon / eau libre. MySWYM n’utilise que le T100 ; le 400 est pour toi.
B17: 4. Saisie des temps
B18: 1:12.50 ou 34.8 ou 0:34.80. Virgule française 1:12,50 acceptée. Splits 50 / 100 optionnels, précieux pour voir où ça casse.
B21: 5. Un seul objectif A
B22: Priorité A + statut en_cours = ce que le dashboard affiche. Un B possible. À 8–10 semaines : spécifique. À moins de 3 semaines : plus de test à fond.
... B30: 1 ligne par séance dans SEANCES (1 à 5 / semaine). CHARGE agrège par semaine. Deload : 3 semaines de charge puis 1 allégée (−30 % vol, RPE ≤ 6). Retest A (T50+T100) après 4–5 sem, Batterie B après 6–8 sem — jamais pendant un deload ni < 3 sem avant l’objectif.
B33: Onglet | C33: Rôle
B34: DASHBOARD | C34: Lecture dimanche : temps + deload + retest.
B35: NAGEURS | C35: 1 ligne = 1 personne. id stable (N001…).
B36: OBJECTIFS | C36: 1 ligne = 1 course / diplôme.
B37: TESTS | C37: 1 ligne = 1 chrono. Cœur du suivi.
B38: SEANCES | C38: 1 ligne = 1 séance (1 à 5 / semaine).
B39: CHARGE | C39: 1 ligne = 1 nageur × 1 semaine. Alertes auto.
B40: EVOLUTION | C40: Courbe T100 d’exemple (Léa).
B41: EXPORT | C41: Colonnes app — ne pas saisir.
B43: Jaune = saisie | C43: Gris = formule

Sheet DASHBOARD
A1: TABLEAU DE BORD — tests · charge · deload · retest · ne rien saisir ici
A2: id | B2: prenom | C2: nom | D2: niveau | E2: statut | F2: nage_suivi | G2: discipline | H2: nage_obj | I2: dist_m | J2: date_obj | K2: lieu | L2: cible | M2: semaines | N2: T50 | O2: T100 | P2: T200 | Q2: T400 | R2: delta_T100 | S2: drop_100/50 | T2: drop_400/100 | U2: CSS_/100 | V2: T100_sec | W2: diagnostic | X2: seances_S | Y2: vol_S | Z2: vol_S/S-1/S-2 | AA2: deload | AB2: retest | AC2: consigne_charge
A3: =IFERROR(IF(INDEX(tblNageurs[id],1)="","",INDEX(tblNageurs[id],1)),"") | B3: =IF($A3="","",IFERROR(INDEX(tblNageurs[prenom],1),"")) | C3: =IF($A3="","",IFERROR(INDEX(tblNageurs[nom],1),"")) | D3: =IF($A3="","",IFERROR(INDEX(tblNageurs[niveau],1),"")) | E3: =IF($A3="","",IFERROR(INDEX(tblNageurs[statut],1),"")) | F3: =IF($A3="","",IF(OR($H3="dos",$H3="brasse",$H3="papillon"),$H3,"crawl")) | G3: =IF($A3="","",IFERROR(XLOOKUP($A3,tblObjectifs[cle_dashboard],tblObjectifs[discipline],""),"")) | H3: =IF($A3="","",IFERROR(XLOOKUP($A3,tblObjectifs[cle_dashboard],tblObjectifs[nage],""),"")) | I3: =IF($A3="","",IFERROR(XLOOKUP($A3,tblObjectifs[cle_dashboard],tblObjectifs[distance_m],""),"")) | J3: =IF($A3="","",IFERROR(XLOOKUP($A3,tblObjectifs[cle_dashboard],tblObjectifs[date_objectif],""),"")) | K3: =IF($A3="","",IFERROR(XLOOKUP($A3,tblObjectifs[cle_dashboard],tblObjectifs[lieu],""),"")) | L3: =IF($A3="","",IFERROR(XLOOKUP($A3,tblObjectifs[cle_dashboard],tblObjectifs[temps_cible],""),"")) | M3: =IF(OR($A3="",$J3=""),"",($J3-TODAY())/7) | N3: =IF(BA3="","",INT(BA3/60)&":"&TEXT(MOD(BA3,60),"00.00")) | O3: =IF(BB3="","",INT(BB3/60)&":"&TEXT(MOD(BB3,60),"00.00")) | P3: =IF(BC3="","",INT(BC3/60)&":"&TEXT(MOD(BC3,60),"00.00")) | Q3: =IF(BD3="","",INT(BD3/60)&":"&TEXT(MOD(BD3,60),"00.00")) | R3: =IF(OR(BB3="",BE3=""),"",(BB3-BE3)/BE3) | S3: =IF(OR(BA3="",BB3=""),"",BB3/(2*BA3)-1) | T3: =IF(OR(BB3="",BD3=""),"",BD3/(4*BB3)-1) | U3: =IF(OR(BC3="",BD3=""),"",INT(((BD3-BC3)/2)/60)&":"&TEXT(MOD((BD3-BC3)/2,60),"00.00")) | V3: =IF(BB3="","",ROUND(BB3,1)) | W3: =IF($A3="","",IFS(BB3="","Pas de T100 valide — Batterie A (T50 + T100).",AND(M3<>"",M3<=3),"Affutage (< 3 sem) — plus de test a fond. Allure de course.",AND(S3<>"",S3>0.1),"Vitesse OK, il casse sur 100 (lactique / pacing / technique).",AND(T3<>"",T3>0.12),"Manque aerobie / seuil — Batterie B (T200+T400) et series CSS.",AND(T3<>"",T3<0.06,S3<>"",S3<0.08),"Profil homogene — specificite d'allure vers la cible.",BA3="","Ajouter un T50 a la prochaine Batterie A.",TRUE,"Profil coherent. Voir consigne_charge pour deload / retest.")) | X3: =IF($A3="","",COUNTIFS(tblSeances[id_nageur],$A3,tblSeances[lundi],(TODAY()-WEEKDAY(TODAY(),3)),tblSeances[faite],"oui")&"/"&IFERROR(INDEX(tblNageurs[seances_sem],MATCH($A3,tblNageurs[id],0)),"")) | Y3: =IF($A3="","",SUMIFS(tblSeances[volume_m],tblSeances[id_nageur],$A3,tblSeances[lundi],(TODAY()-WEEKDAY(TODAY(),3)),tblSeances[faite],"oui")) | Z3: =IF($A3="","",TEXT(SUMIFS(tblSeances[volume_m],tblSeances[id_nageur],$A3,tblSeances[lundi],(TODAY()-WEEKDAY(TODAY(),3)),tblSeances[faite],"oui"),"0")&" / "&TEXT(SUMIFS(tblSeances[volume_m],tblSeances[id_nageur],$A3,tblSeances[lundi],(TODAY()-WEEKDAY(TODAY(),3))-7,tblSeances[faite],"oui"),"0")&" / "&TEXT(SUMIFS(tblSeances[volume_m],tblSeances[id_nageur],$A3,tblSeances[lundi],(TODAY()-WEEKDAY(TODAY(),3))-14,tblSeances[faite],"oui"),"0")) | AA3: =IF($A3="","",IFERROR(INDEX(FILTER(CHARGE!L$3:L$82,(CHARGE!A$3:A$82=$A3)*(CHARGE!B$3:B$82=(TODAY()-WEEKDAY(TODAY(),3)))),1),"")) | AB3: =IF($A3="","",IFERROR(INDEX(FILTER(CHARGE!M$3:M$82,(CHARGE!A$3:A$82=$A3)*(CHARGE!B$3:B$82=(TODAY()-WEEKDAY(TODAY(),3)))),1),"")) | AC3: =IF($A3="","",IFERROR(INDEX(FILTER(CHARGE!N$3:N$82,(CHARGE!A$3:A$82=$A3)*(CHARGE!B$3:B$82=(TODAY()-WEEKDAY(TODAY(),3)))),1),"")) | BA3: =IF($A3="","",IFERROR(INDEX(FILTER(tblTests[temps_sec],(tblTests[id_nageur]=$A3)*(tblTests[protocole]="T50")*(tblTests[nage]=$F3)*(tblTests[valide]="oui")*(tblTests[date]=MAXIFS(tblTests[date],tblTests[id_nageur],$A3,tblTests[protocole],"T50",tblTests[nage],$F3,tblTests[valide],"oui"))),1),"")) | BB3: =IF($A3="","",IFERROR(INDEX(FILTER(tblTests[temps_sec],(tblTests[id_nageur]=$A3)*(tblTests[protocole]="T100")*(tblTests[nage]=$F3)*(tblTests[valide]="oui")*(tblTests[date]=MAXIFS(tblTests[date],tblTests[id_nageur],$A3,tblTests[protocole],"T100",tblTests[nage],$F3,tblTests[valide],"oui"))),1),"")) | BC3: =IF($A3="","",IFERROR(INDEX(FILTER(tblTests[temps_sec],(tblTests[id_nageur]=$A3)*(tblTests[protocole]="T200")*(tblTests[nage]=$F3)*(tblTests[valide]="oui")*(tblTests[date]=MAXIFS(tblTests[date],tblTests[id_nageur],$A3,tblTests[protocole],"T200",tblTests[nage],$F3,tblTests[valide],"oui"))),1),"")) | BD3: =IF($A3="","",IFERROR(INDEX(FILTER(tblTests[temps_sec],(tblTests[id_nageur]=$A3)*(tblTests[protocole]="T400")*(tblTests[nage]=$F3)*(tblTests[valide]="oui")*(tblTests[date]=MAXIFS(tblTests[date],tblTests[id_nageur],$A3,tblTests[protocole],"T400",tblTests[nage],$F3,tblTests[valide],"oui"))),1),"")) | BE3: =IF($A3="","",IFERROR(INDEX(FILTER(tblTests[temps_sec],(tblTests[id_nageur]=$A3)*(tblTests[protocole]="T100")*(tblTests[nage]=$F3)*(tblTests[valide]="oui")*(tblTests[date]=IFERROR(LARGE(FILTER(tblTests[date],(tblTests[id_nageur]=$A3)*(tblTests[protocole]="T100")*(tblTests[nage]=$F3)*(tblTests[valide]="oui")),2),0))),1),"")) | BF3: =IF($A3="","",IFERROR(MAXIFS(tblTests[date],tblTests[id_nageur],$A3,tblTests[protocole],"T100",tblTests[nage],$F3,tblTests[valide],"oui"),""))
A4: =IFERROR(IF(INDEX(tblNageurs[id],2)="","",INDEX(tblNageurs[id],2)),"") | B4: =IF($A4="","",IFERROR(INDEX(tblNageurs[prenom],2),"")) | C4: =IF($A4="","",IFERROR(INDEX(tblNageurs[nom],2),"")) | D4: =IF($A4="","",IFERROR(INDEX(tblNageurs[niveau],2),"")) | E4: =IF($A4="","",IFERROR(INDEX(tblNageurs[statut],2),"")) | F4: =IF($A4="","",IF(OR($H4="dos",$H4="brasse",$H4="papillon"),$H4,"crawl")) | G4: =IF($A4="","",IFERROR(XLOOKUP($A4,tblObjectifs[cle_dashboard],tblObjectifs[discipline],""),"")) | H4: =IF($A4="","",IFERROR(XLOOKUP($A4,tblObjectifs[cle_dashboard],tblObjectifs[nage],""),"")) | I4: =IF($A4="","",IFERROR(XLOOKUP($A4,tblObjectifs[cle_dashboard],tblObjectifs[distance_m],""),"")) | J4: =IF($A4="","",IFERROR(XLOOKUP($A4,tblObjectifs[cle_dashboard],tblObjectifs[date_objectif],""),"")) | K4: =IF($A4="","",IFERROR(XLOOKUP($A4,tblObjectifs[cle_dashboard],tblObjectifs[lieu],""),"")) | L4: =IF($A4="","",IFERROR(XLOOKUP($A4,tblObjectifs[cle_dashboard],tblObjectifs[temps_cible],""),"")) | M4: =IF(OR($A4="",$J4=""),"",($J4-TODAY())/7) | N4: =IF(BA4="","",INT(BA4/60)&":"&TEXT(MOD(BA4,60),"00.00")) | O4: =IF(BB4="","",INT(BB4/60)&":"&TEXT(MOD(BB4,60),"00.00")) | P4: =IF(BC4="","",INT(BC4/60)&":"&TEXT(MOD(BC4,60),"00.00")) | Q4: =IF(BD4="","",INT(BD4/60)&":"&TEXT(MOD(BD4,60),"00.00")) | R4: =IF(OR(BB4="",BE4=""),"",(BB4-BE4)/BE4) | S4: =IF(OR(BA4="",BB4=""),"",BB4/(2*BA4)-1) | T4: =IF(OR(BB4="",BD4=""),"",BD4/(4*BB4)-1) | U4: =IF(OR(BC4="",BD4=""),"",INT(((BD4-BC4)/2)/60)&":"&TEXT(MOD((BD4-BC4)/2,60),"00.00")) | V4: =IF(BB4="","",ROUND(BB4,1)) | W4: =IF($A4="","",IFS(BB4="","Pas de T100 valide — Batterie A (T50 + T100).",AND(M4<>"",M4<=3),"Affutage (< 3 sem) — plus de test a fond. Allure de course.",AND(S4<>"",S4>0.1),"Vitesse OK, il casse sur 100 (lactique / pacing / technique).",AND(T4<>"",T4>0.12),"Manque aerobie / seuil — Batterie B (T200+T400) et series CSS.",AND(T4<>"",T4<0.06,S4<>"",S4<0.08),"Profil homogene — specificite d'allure vers la cible.",BA4="","Ajouter un T50 a la prochaine Batterie A.",TRUE,"Profil coherent. Voir consigne_charge pour deload / retest.")) | X4: =IF($A4="","",COUNTIFS(tblSeances[id_nageur],$A4,tblSeances[lundi],(TODAY()-WEEKDAY(TODAY(),3)),tblSeances[faite],"oui")&"/"&IFERROR(INDEX(tblNageurs[seances_sem],MATCH($A4,tblNageurs[id],0)),"")) | Y4: =IF($A4="","",SUMIFS(tblSeances[volume_m],tblSeances[id_nageur],$A4,tblSeances[lundi],(TODAY()-WEEKDAY(TODAY(),3)),tblSeances[faite],"oui")) | Z4: =IF($A4="","",TEXT(SUMIFS(tblSeances[volume_m],tblSeances[id_nageur],$A4,tblSeances[lundi],(TODAY()-WEEKDAY(TODAY(),3)),tblSeances[faite],"oui"),"0")&" / "&TEXT(SUMIFS(tblSeances[volume_m],tblSeances[id_nageur],$A4,tblSeances[lundi],(TODAY()-WEEKDAY(TODAY(),3))-7,tblSeances[faite],"oui"),"0")&" / "&TEXT(SUMIFS(tblSeances[volume_m],tblSeances[id_nageur],$A4,tblSeances[lundi],(TODAY()-WEEKDAY(TODAY(),3))-14,tblSeances[faite],"oui"),"0")) | AA4: =IF($A4="","",IFERROR(INDEX(FILTER(CHARGE!L$3:L$82,(CHARGE!A$3:A$82=$A4)*(CHARGE!B$3:B$82=(TODAY()-WEEKDAY(TODAY(),3)))),1),"")) | AB4: =IF($A4="","",IFERROR(INDEX(FILTER(CHARGE!M$3:M$82,(CHARGE!A$3:A$82=$A4)*(CHARGE!B$3:B$82=(TODAY()-WEEKDAY(TODAY(),3)))),1),"")) | AC4: =IF($A4="","",IFERROR(INDEX(FILTER(CHARGE!N$3:N$82,(CHARGE!A$3:A$82=$A4)*(CHARGE!B$3:B$82=(TODAY()-WEEKDAY(TODAY(),3)))),1),"")) | BA4: =IF($A4="","",IFERROR(INDEX(FILTER(tblTests[temps_sec],(tblTests[id_nageur]=$A4)*(tblTests[protocole]="T50")*(tblTests[nage]=$F4)*(tblTests[valide]="oui")*(tblTests[date]=MAXIFS(tblTests[date],tblTests[id_nageur],$A4,tblTests[protocole],"T50",tblTests[nage],$F4,tblTests[valide],"oui"))),1),"")) | BB4: =IF($A4="","",IFERROR(INDEX(FILTER(tblTests[temps_sec],(tblTests[id_nageur]=$A4)*(tblTests[protocole]="T100")*(tblTests[nage]=$F4)*(tblTests[valide]="oui")*(tblTests[date]=MAXIFS(tblTests[date],tblTests[id_nageur],$A4,tblTests[protocole],"T100",tblTests[nage],$F4,tblTests[valide],"oui"))),1),"")) | BC4: =IF($A4="","",IFERROR(INDEX(FILTER(tblTests[temps_sec],(tblTests[id_nageur]=$A4)*(tblTests[protocole]="T200")*(tblTests[nage]=$F4)*(tblTests[valide]="oui")*(tblTests[date]=MAXIFS(tblTests[date],tblTests[id_nageur],$A4,tblTests[protocole],"T200",tblTests[nage],$F4,tblTests[valide],"oui"))),1),"")) | BD4: =IF($A4="","",IFERROR(INDEX(FILTER(tblTests[temps_sec],(tblTests[id_nageur]=$A4)*(tblTests[protocole]="T400")*(tblTests[nage]=$F4)*(tblTests[valide]="oui")*(tblTests[date]=MAXIFS(tblTests[date],tblTests[id_nageur],$A4,tblTests[protocole],"T400",tblTests[nage],$F4,tblTests[valide],"oui"))),1),"")) | BE4: =IF($A4="","",IFERROR(INDEX(FILTER(tblTests[temps_sec],(tblTests[id_nageur]=$A4)*(tblTests[protocole]="T100")*(tblTests[nage]=$F4)*(tblTests[valide]="oui")*(tblTests[date]=IFERROR(LARGE(FILTER(tblTests[date],(tblTests[id_nageur]=$A4)*(tblTests[protocole]="T100")*(tblTests[nage]=$F4)*(tblTests[valide]="oui")),2),0))),1),"")) | BF4: =IF($A4="","",IFERROR(MAXIFS(tblTests[date],tblTests[id_nageur],$A4,tblTests[protocole],"T100",tblTests[nage],$F4,tblTests[valide],"oui"),""))
A5: =IFERROR(IF(INDEX(tblNageurs[id],3)="","",INDEX(tblNageurs[id],3)),"") | B5: =IF($A5="","",IFERROR(INDEX(tblNageurs[prenom],3),"")) | C5: =IF($A5="","",IFERROR(INDEX(tblNageurs[nom],3),"")) | D5: =IF($A5="","",IFERROR(INDEX(tblNageurs[niveau],3),"")) | E5: =IF($A5="","",IFERROR(INDEX(tblNageurs[statut],3),"")) | F5: =IF($A5="","",IF(OR($H5="dos",$H5="brasse",$H5="papillon"),$H5,"crawl")) | G5: =IF($A5="","",IFERROR(XLOOKUP($A5,tblObjectifs[cle_dashboard],tblObjectifs[discipline],""),"")) | H5: =IF($A5="","",IFERROR(XLOOKUP($A5,tblObjectifs[cle_dashboard],tblObjectifs[nage],""),"")) | I5: =IF($A5="","",IFERROR(XLOOKUP($A5,tblObjectifs[cle_dashboard],tblObjectifs[distance_m],""),"")) | J5: =IF($A5="","",IFERROR(XLOOKUP($A5,tblObjectifs[cle_dashboard],tblObjectifs[date_objectif],""),"")) | K5: =IF($A5="","",IFERROR(XLOOKUP($A5,tblObjectifs[cle_dashboard],tblObjectifs[lieu],""),"")) | L5: =IF($A5="","",IFERROR(XLOOKUP($A5,tblObjectifs[cle_dashboard],tblObjectifs[temps_cible],""),"")) | M5: =IF(OR($A5="",$J5=""),"",($J5-TODAY())/7) | N5: =IF(BA5="","",INT(BA5/60)&":"&TEXT(MOD(BA5,60),"00.00")) | O5: =IF(BB5="","",INT(BB5/60)&":"&TEXT(MOD(BB5,60),"00.00")) | P5: =IF(BC5="","",INT(BC5/60)&":"&TEXT(MOD(BC5,60),"00.00")) | Q5: =IF(BD5="","",INT(BD5/60)&":"&TEXT(MOD(BD5,60),"00.00")) | R5: =IF(OR(BB5="",BE5=""),"",(BB5-BE5)/BE5) | S5: =IF(OR(BA5="",BB5=""),"",BB5/(2*BA5)-1) | T5: =IF(OR(BB5="",BD5=""),"",BD5/(4*BB5)-1) | U5: =IF(OR(BC5="",BD5=""),"",INT(((BD5-BC5)/2)/60)&":"&TEXT(MOD((BD5-BC5)/2,60),"00.00")) | V5: =IF(BB5="","",ROUND(BB5,1)) | W5: =IF($A5="","",IFS(BB5="","Pas de T100 valide — Batterie A (T50 + T100).",AND(M5<>"",M5<=3),"Affutage (< 3 sem) — plus de test a fond. Allure de course.",AND(S5<>"",S5>0.1),"Vitesse OK, il casse sur 100 (lactique / pacing / technique).",AND(T5<>"",T5>0.12),"Manque aerobie / seuil — Batterie B (T200+T400) et series CSS.",AND(T5<>"",T5<0.06,S5<>"",S5<0.08),"Profil homogene — specificite d'allure vers la cible.",BA5="","Ajouter un T50 a la prochaine Batterie A.",TRUE,"Profil coherent. Voir consigne_charge pour deload / retest.")) | X5: =IF($A5="","",COUNTIFS(tblSeances[id_nageur],$A5,tblSeances[lundi],(TODAY()-WEEKDAY(TODAY(),3)),tblSeances[faite],"oui")&"/"&IFERROR(INDEX(tblNageurs[seances_sem],MATCH($A5,tblNageurs[id],0)),"")) | Y5: =IF($A5="","",SUMIFS(tblSeances[volume_m],tblSeances[id_nageur],$A5,tblSeances[lundi],(TODAY()-WEEKDAY(TODAY(),3)),tblSeances[faite],"oui")) | Z5: =IF($A5="","",TEXT(SUMIFS(tblSeances[volume_m],tblSeances[id_nageur],$A5,tblSeances[lundi],(TODAY()-WEEKDAY(TODAY(),3)),tblSeances[faite],"oui"),"0")&" / "&TEXT(SUMIFS(tblSeances[volume_m],tblSeances[id_nageur],$A5,tblSeances[lundi],(TODAY()-WEEKDAY(TODAY(),3))-7,tblSeances[faite],"oui"),"0")&" / "&TEXT(SUMIFS(tblSeances[volume_m],tblSeances[id_nageur],$A5,tblSeances[lundi],(TODAY()-WEEKDAY(TODAY(),3))-14,tblSeances[faite],"oui"),"0")) | AA5: =IF($A5="","",IFERROR(INDEX(FILTER(CHARGE!L$3:L$82,(CHARGE!A$3:A$82=$A5)*(CHARGE!B$3:B$82=(TODAY()-WEEKDAY(TODAY(),3)))),1),"")) | AB5: =IF($A5="","",IFERROR(INDEX(FILTER(CHARGE!M$3:M$82,(CHARGE!A$3:A$82=$A5)*(CHARGE!B$3:B$82=(TODAY()-WEEKDAY(TODAY(),3)))),1),"")) | AC5: =IF($A5="","",IFERROR(INDEX(FILTER(CHARGE!N$3:N$82,(CHARGE!A$3:A$82=$A5)*(CHARGE!B$3:B$82=(TODAY()-WEEKDAY(TODAY(),3)))),1),"")) | BA5: =IF($A5="","",IFERROR(INDEX(FILTER(tblTests[temps_sec],(tblTests[id_nageur]=$A5)*(tblTests[protocole]="T50")*(tblTests[nage]=$F5)*(tblTests[valide]="oui")*(tblTests[date]=MAXIFS(tblTests[date],tblTests[id_nageur],$A5,tblTests[protocole],"T50",tblTests[nage],$F5,tblTests[valide],"oui"))),1),"")) | BB5: =IF($A5="","",IFERROR(INDEX(FILTER(tblTests[temps_sec],(tblTests[id_nageur]=$A5)*(tblTests[protocole]="T100")*(tblTests[nage]=$F5)*(tblTests[valide]="oui")*(tblTests[date]=MAXIFS(tblTests[date],tblTests[id_nageur],$A5,tblTests[protocole],"T100",tblTests[nage],$F5,tblTests[valide],"oui"))),1),"")) | BC5: =IF($A5="","",IFERROR(INDEX(FILTER(tblTests[temps_sec],(tblTests[id_nageur]=$A5)*(tblTests[protocole]="T200")*(tblTests[nage]=$F5)*(tblTests[valide]="oui")*(tblTests[date]=MAXIFS(tblTests[date],tblTests[id_nageur],$A5,tblTests[protocole],"T200",tblTests[nage],$F5,tblTests[valide],"oui"))),1),"")) | BD5: =IF($A5="","",IFERROR(INDEX(FILTER(tblTests[temps_sec],(tblTests[id_nageur]=$A5)*(tblTests[protocole]="T400")*(tblTests[nage]=$F5)*(tblTests[valide]="oui")*(tblTests[date]=MAXIFS(tblTests[date],tblTests[id_nageur],$A5,tblTests[protocole],"T400",tblTests[nage],$F5,tblTests[valide],"oui"))),1),"")) | BE5: =IF($A5="","",IFERROR(INDEX(FILTER(tblTests[temps_sec],(tblTests[id_nageur]=$A5)*(tblTests[protocole]="T100")*(tblTests[nage]=$F5)*(tblTests[valide]="oui")*(tblTests[date]=IFERROR(LARGE(FILTER(tblTests[date],(tblTests[id_nageur]=$A5)*(tblTests[protocole]="T100")*(tblTests[nage]=$F5)*(tblTests[valide]="oui")),2),0))),1),"")) | BF5: =IF($A5="","",IFERROR(MAXIFS(tblTests[date],tblTests[id_nageur],$A5,tblTests[protocole],"T100",tblTests[nage],$F5,tblTests[valide],"oui"),""))
A6: =IFERROR(IF(INDEX(tblNageurs[id],4)="","",INDEX(tblNageurs[id],4)),"") | B6: =IF($A6="","",IFERROR(INDEX(tblNageurs[prenom],4),"")) | C6: =IF($A6="","",IFERROR(INDEX(tblNageurs[nom],4),"")) | D6: =IF($A6="","",IFERROR(INDEX(tblNageurs[niveau],4),"")) | E6: =IF($A6="","",IFERROR(INDEX(tblNageurs[statut],4),"")) | F6: =IF($A6="","",IF(OR($H6="dos",$H6="brasse",$H6="papillon"),$H6,"crawl")) | G6: =IF($A6="","",IFERROR(XLOOKUP($A6,tblObjectifs[cle_dashboard],tblObjectifs[discipline],""),"")) | H6: =IF($A6="","",IFERROR(XLOOKUP($A6,tblObjectifs[cle_dashboard],tblObjectifs[nage],""),"")) | I6: =IF($A6="","",IFERROR(XLOOKUP($A6,tblObjectifs[cle_dashboard],tblObjectifs[distance_m],""),"")) | J6: =IF($A6="","",IFERROR(XLOOKUP($A6,tblObjectifs[cle_dashboard],tblObjectifs[date_objectif],""),"")) | K6: =IF($A6="","",IFERROR(XLOOKUP($A6,tblObjectifs[cle_dashboard],tblObjectifs[lieu],""),"")) | L6: =IF($A6="","",IFERROR(XLOOKUP($A6,tblObjectifs[cle_dashboard],tblObjectifs[temps_cible],""),"")) | M6: =IF(OR($A6="",$J6=""),"",($J6-TODAY())/7) | N6: =IF(BA6="","",INT(BA6/60)&":"&TEXT(MOD(BA6,60),"00.00")) | O6: =IF(BB6="","",INT(BB6/60)&":"&TEXT(MOD(BB6,60),"00.00")) | P6: =IF(BC6="","",INT(BC6/60)&":"&TEXT(MOD(BC6,60),"00.00")) | Q6: =IF(BD6="","",INT(BD6/60)&":"&TEXT(MOD(BD6,60),"00.00")) | R6: =IF(OR(BB6="",BE6=""),"",(BB6-BE6)/BE6) | S6: =IF(OR(BA6="",BB6=""),"",BB6/(2*BA6)-1) | T6: =IF(OR(BB6="",BD6=""),"",BD6/(4*BB6)-1) | U6: =IF(OR(BC6="",BD6=""),"",INT(((BD6-BC6)/2)/60)&":"&TEXT(MOD((BD6-BC6)/2,60),"00.00")) | V6: =IF(BB6="","",ROUND(BB6,1)) | W6: =IF($A6="","",IFS(BB6="","Pas de T100 valide — Batterie A (T50 + T100).",AND(M6<>"",M6<=3),"Affutage (< 3 sem) — plus de test a fond. Allure de course.",AND(S6<>"",S6>0.1),"Vitesse OK, il casse sur 100 (lactique / pacing / technique).",AND(T6<>"",T6>0.12),"Manque aerobie / seuil — Batterie B (T200+T400) et series CSS.",AND(T6<>"",T6<0.06,S6<>"",S6<0.08),"Profil homogene — specificite d'allure vers la cible.",BA6="","Ajouter un T50 a la prochaine Batterie A.",TRUE,"Profil coherent. Voir consigne_charge pour deload / retest.")) | X6: =IF($A6="","",COUNTIFS(tblSeances[id_nageur],$A6,tblSeances[lundi],(TODAY()-WEEKDAY(TODAY(),3)),tblSeances[faite],"oui")&"/"&IFERROR(INDEX(tblNageurs[seances_sem],MATCH($A6,tblNageurs[id],0)),"")) | Y6: =IF($A6="","",SUMIFS(tblSeances[volume_m],tblSeances[id_nageur],$A6,tblSeances[lundi],(TODAY()-WEEKDAY(TODAY(),3)),tblSeances[faite],"oui")) | Z6: =IF($A6="","",TEXT(SUMIFS(tblSeances[volume_m],tblSeances[id_nageur],$A6,tblSeances[lundi],(TODAY()-WEEKDAY(TODAY(),3)),tblSeances[faite],"oui"),"0")&" / "&TEXT(SUMIFS(tblSeances[volume_m],tblSeances[id_nageur],$A6,tblSeances[lundi],(TODAY()-WEEKDAY(TODAY(),3))-7,tblSeances[faite],"oui"),"0")&" / "&TEXT(SUMIFS(tblSeances[volume_m],tblSeances[id_nageur],$A6,tblSeances[lundi],(TODAY()-WEEKDAY(TODAY(),3))-14,tblSeances[faite],"oui"),"0")) | AA6: =IF($A6="","",IFERROR(INDEX(FILTER(CHARGE!L$3:L$82,(CHARGE!A$3:A$82=$A6)*(CHARGE!B$3:B$82=(TODAY()-WEEKDAY(TODAY(),3)))),1),"")) | AB6: =IF($A6="","",IFERROR(INDEX(FILTER(CHARGE!M$3:M$82,(CHARGE!A$3:A$82=$A6)*(CHARGE!B$3:B$82=(TODAY()-WEEKDAY(TODAY(),3)))),1),"")) | AC6: =IF($A6="","",IFERROR(INDEX(FILTER(CHARGE!N$3:N$82,(CHARGE!A$3:A$82=$A6)*(CHARGE!B$3:B$82=(TODAY()-WEEKDAY(TODAY(),3)))),1),"")) | BA6: =IF($A6="","",IFERROR(INDEX(FILTER(tblTests[temps_sec],(tblTests[id_nageur]=$A6)*(tblTests[protocole]="T50")*(tblTests[nage]=$F6)*(tblTests[valide]="oui")*(tblTests[date]=MAXIFS(tblTests[date],tblTests[id_nageur],$A6,tblTests[protocole],"T50",tblTests[nage],$F6,tblTests[valide],"oui"))),1),"")) | BB6: =IF($A6="","",IFERROR(INDEX(FILTER(tblTests[temps_sec],(tblTests[id_nageur]=$A6)*(tblTests[protocole]="T100")*(tblTests[nage]=$F6)*(tblTests[valide]="oui")*(tblTests[date]=MAXIFS(tblTests[date],tblTests[id_nageur],$A6,tblTests[protocole],"T100",tblTests[nage],$F6,tblTests[valide],"oui"))),1),"")) | BC6: =IF($A6="","",IFERROR(INDEX(FILTER(tblTests[temps_sec],(tblTests[id_nageur]=$A6)*(tblTests[protocole]="T200")*(tblTests[nage]=$F6)*(tblTests[valide]="oui")*(tblTests[date]=MAXIFS(tblTests[date],tblTests[id_nageur],$A6,tblTests[protocole],"T200",tblTests[nage],$F6,tblTests[valide],"oui"))),1),"")) | BD6: =IF($A6="","",IFERROR(INDEX(FILTER(tblTests[temps_sec],(tblTests[id_nageur]=$A6)*(tblTests[protocole]="T400")*(tblTests[nage]=$F6)*(tblTests[valide]="oui")*(tblTests[date]=MAXIFS(tblTests[date],tblTests[id_nageur],$A6,tblTests[protocole],"T400",tblTests[nage],$F6,tblTests[valide],"oui"))),1),"")) | BE6: =IF($A6="","",IFERROR(INDEX(FILTER(tblTests[temps_sec],(tblTests[id_nageur]=$A6)*(tblTests[protocole]="T100")*(tblTests[nage]=$F6)*(tblTests[valide]="oui")*(tblTests[date]=IFERROR(LARGE(FILTER(tblTests[date],(tblTests[id_nageur]=$A6)*(tblTests[protocole]="T100")*(tblTests[nage]=$F6)*(tblTests[valide]="oui")),2),0))),1),"")) | BF6: =IF($A6="","",IFERROR(MAXIFS(tblTests[date],tblTests[id_nageur],$A6,tblTests[protocole],"T100",tblTests[nage],$F6,tblTests[valide],"oui"),""))
A7: =IFERROR(IF(INDEX(tblNageurs[id],5)="","",INDEX(tblNageurs[id],5)),"") | B7: =IF($A7="","",IFERROR(INDEX(tblNageurs[prenom],5),"")) | C7: =IF($A7="","",IFERROR(INDEX(tblNageurs[nom],5),"")) | D7: =IF($A7="","",IFERROR(INDEX(tblNageurs[niveau],5),"")) | E7: =IF($A7="","",IFERROR(INDEX(tblNageurs[statut],5),"")) | F7: =IF($A7="","",IF(OR($H7="dos",$H7="brasse",$H7="papillon"),$H7,"crawl")) | G7: =IF($A7="","",IFERROR(XLOOKUP($A7,tblObjectifs[cle_dashboard],tblObjectifs[discipline],""),"")) | H7: =IF($A7="","",IFERROR(XLOOKUP($A7,tblObjectifs[cle_dashboard],tblObjectifs[nage],""),"")) | I7: =IF($A7="","",IFERROR(XLOOKUP($A7,tblObjectifs[cle_dashboard],tblObjectifs[distance_m],""),"")) | J7: =IF($A7="","",IFERROR(XLOOKUP($A7,tblObjectifs[cle_dashboard],tblObjectifs[date_objectif],""),"")) | K7: =IF($A7="","",IFERROR(XLOOKUP($A7,tblObjectifs[cle_dashboard],tblObjectifs[lieu],""),"")) | L7: =IF($A7="","",IFERROR(XLOOKUP($A7,tblObjectifs[cle_dashboard],tblObjectifs[temps_cible],""),"")) | M7: =IF(OR($A7="",$J7=""),"",($J7-TODAY())/7) | N7: =IF(BA7="","",INT(BA7/60)&":"&TEXT(MOD(BA7,60),"00.00")) | O7: =IF(BB7="","",INT(BB7/60)&":"&TEXT(MOD(BB7,60),"00.00")) | P7: =IF(BC7="","",INT(BC7/60)&":"&TEXT(MOD(BC7,60),"00.00")) | Q7: =IF(BD7="","",INT(BD7/60)&":"&TEXT(MOD(BD7,60),"00.00")) | R7: =IF(OR(BB7="",BE7=""),"",(BB7-BE7)/BE7) | S7: =IF(OR(BA7="",BB7=""),"",BB7/(2*BA7)-1) | T7: =IF(OR(BB7="",BD7=""),"",BD7/(4*BB7)-1) | U7: =IF(OR(BC7="",BD7=""),"",INT(((BD7-BC7)/2)/60)&":"&TEXT(MOD((BD7-BC7)/2,60),"00.00")) | V7: =IF(BB7="","",ROUND(BB7,1)) | W7: =IF($A7="","",IFS(BB7="","Pas de T100 valide — Batterie A (T50 + T100).",AND(M7<>"",M7<=3),"Affutage (< 3 sem) — plus de test a fond. Allure de course.",AND(S7<>"",S7>0.1),"Vitesse OK, il casse sur 100 (lactique / pacing / technique).",AND(T7<>"",T7>0.12),"Manque aerobie / seuil — Batterie B (T200+T400) et series CSS.",AND(T7<>"",T7<0.06,S7<>"",S7<0.08),"Profil homogene — specificite d'allure vers la cible.",BA7="","Ajouter un T50 a la prochaine Batterie A.",TRUE,"Profil coherent. Voir consigne_charge pour deload / retest.")) | X7: =IF($A7="","",COUNTIFS(tblSeances[id_nageur],$A7,tblSeances[lundi],(TODAY()-WEEKDAY(TODAY(),3)),tblSeances[faite],"oui")&"/"&IFERROR(INDEX(tblNageurs[seances_sem],MATCH($A7,tblNageurs[id],0)),"")) | Y7: =IF($A7="","",SUMIFS(tblSeances[volume_m],tblSeances[id_nageur],$A7,tblSeances[lundi],(TODAY()-WEEKDAY(TODAY(),3)),tblSeances[faite],"oui")) | Z7: =IF($A7="","",TEXT(SUMIFS(tblSeances[volume_m],tblSeances[id_nageur],$A7,tblSeances[lundi],(TODAY()-WEEKDAY(TODAY(),3)),tblSeances[faite],"oui"),"0")&" / "&TEXT(SUMIFS(tblSeances[volume_m],tblSeances[id_nageur],$A7,tblSeances[lundi],(TODAY()-WEEKDAY(TODAY(),3))-7,tblSeances[faite],"oui"),"0")&" / "&TEXT(SUMIFS(tblSeances[volume_m],tblSeances[id_nageur],$A7,tblSeances[lundi],(TODAY()-WEEKDAY(TODAY(),3))-14,tblSeances[faite],"oui"),"0")) | AA7: =IF($A7="","",IFERROR(INDEX(FILTER(CHARGE!L$3:L$82,(CHARGE!A$3:A$82=$A7)*(CHARGE!B$3:B$82=(TODAY()-WEEKDAY(TODAY(),3)))),1),"")) | AB7: =IF($A7="","",IFERROR(INDEX(FILTER(CHARGE!M$3:M$82,(CHARGE!A$3:A$82=$A7)*(CHARGE!B$3:B$82=(TODAY()-WEEKDAY(TODAY(),3)))),1),"")) | AC7: =IF($A7="","",IFERROR(INDEX(FILTER(CHARGE!N$3:N$82,(CHARGE!A$3:A$82=$A7)*(CHARGE!B$3:B$82=(TODAY()-WEEKDAY(TODAY(),3)))),1),"")) | BA7: =IF($A7="","",IFERROR(INDEX(FILTER(tblTests[temps_sec],(tblTests[id_nageur]=$A7)*(tblTests[protocole]="T50")*(tblTests[nage]=$F7)*(tblTests[valide]="oui")*(tblTests[date]=MAXIFS(tblTests[date],tblTests[id_nageur],$A7,tblTests[protocole],"T50",tblTests[nage],$F7,tblTests[valide],"oui"))),1),"")) | BB7: =IF($A7="","",IFERROR(INDEX(FILTER(tblTests[temps_sec],(tblTests[id_nageur]=$A7)*(tblTests[protocole]="T100")*(tblTests[nage]=$F7)*(tblTests[valide]="oui")*(tblTests[date]=MAXIFS(tblTests[date],tblTests[id_nageur],$A7,tblTests[protocole],"T100",tblTests[nage],$F7,tblTests[valide],"oui"))),1),"")) | BC7: =IF($A7="","",IFERROR(INDEX(FILTER(tblTests[temps_sec],(tblTests[id_nageur]=$A7)*(tblTests[protocole]="T200")*(tblTests[nage]=$F7)*(tblTests[valide]="oui")*(tblTests[date]=MAXIFS(tblTests[date],tblTests[id_nageur],$A7,tblTests[protocole],"T200",tblTests[nage],$F7,tblTests[valide],"oui"))),1),"")) | BD7: =IF($A7="","",IFERROR(INDEX(FILTER(tblTests[temps_sec],(tblTests[id_nageur]=$A7)*(tblTests[protocole]="T400")*(tblTests[nage]=$F7)*(tblTests[valide]="oui")*(tblTests[date]=MAXIFS(tblTests[date],tblTests[id_nageur],$A7,tblTests[protocole],"T400",tblTests[nage],$F7,tblTests[valide],"oui"))),1),"")) | BE7: =IF($A7="","",IFERROR(INDEX(FILTER(tblTests[temps_sec],(tblTests[id_nageur]=$A7)*(tblTests[protocole]="T100")*(tblTests[nage]=$F7)*(tblTests[valide]="oui")*(tblTests[date]=IFERROR(LARGE(FILTER(tblTests[date],(tblTests[id_nageur]=$A7)*(tblTests[protocole]="T100")*(tblTests[nage]=$F7)*(tblTests[valide]="oui")),2),0))),1),"")) | BF7: =IF($A7="","",IFERROR(MAXIFS(tblTests[date],tblTests[id_nageur],$A7,tblTests[protocole],"T100",tblTests[nage],$F7,tblTests[valide],"oui"),""))
A8: =IFERROR(IF(INDEX(tblNageurs[id],6)="","",INDEX(tblNageurs[id],6)),"") | B8: =IF($A8="","",IFERROR(INDEX(tblNageurs[prenom],6),"")) | C8: =IF($A8="","",IFERROR(INDEX(tblNageurs[nom],6),"")) | D8: =IF($A8="","",IFERROR(INDEX(tblNageurs[niveau],6),"")) | E8: =IF($A8="","",IFERROR(INDEX(tblNageurs[statut],6),"")) | F8: =IF($A8="","",IF(OR($H8="dos",$H8="brasse",$H8="papillon"),$H8,"crawl")) | G8: =IF($A8="","",IFERROR(XLOOKUP($A8,tblObjectifs[cle_dashboard],tblObjectifs[discipline],""),"")) | H8: =IF($A8="","",IFERROR(XLOOKUP($A8,tblObjectifs[cle_dashboard],tblObjectifs[nage],""),"")) | I8: =IF($A8="","",IFERROR(XLOOKUP($A8,tblObjectifs[cle_dashboard],tblObjectifs[distance_m],""),"")) | J8: =IF($A8="","",IFERROR(XLOOKUP($A8,tblObjectifs[cle_dashboard],tblObjectifs[date_objectif],""),"")) | K8: =IF($A8="","",IFERROR(XLOOKUP($A8,tblObjectifs[cle_dashboard],tblObjectifs[lieu],""),"")) | L8: =IF($A8="","",IFERROR(XLOOKUP($A8,tblObjectifs[cle_dashboard],tblObjectifs[temps_cible],""),"")) | M8: =IF(OR($A8="",$J8=""),"",($J8-TODAY())/7) | N8: =IF(BA8="","",INT(BA8/60)&":"&TEXT(MOD(BA8,60),"00.00")) | O8: =IF(BB8="","",INT(BB8/60)&":"&TEXT(MOD(BB8,60),"00.00")) | P8: =IF(BC8="","",INT(BC8/60)&":"&TEXT(MOD(BC8,60),"00.00")) | Q8: =IF(BD8="","",INT(BD8/60)&":"&TEXT(MOD(BD8,60),"00.00")) | R8: =IF(OR(BB8="",BE8=""),"",(BB8-BE8)/BE8) | S8: =IF(OR(BA8="",BB8=""),"",BB8/(2*BA8)-1) | T8: =IF(OR(BB8="",BD8=""),"",BD8/(4*BB8)-1) | U8: =IF(OR(BC8="",BD8=""),"",INT(((BD8-BC8)/2)/60)&":"&TEXT(MOD((BD8-BC8)/2,60),"00.00")) | V8: =IF(BB8="","",ROUND(BB8,1)) | W8: =IF($A8="","",IFS(BB8="","Pas de T100 valide — Batterie A (T50 + T100).",AND(M8<>"",M8<=3),"Affutage (< 3 sem) — plus de test a fond. Allure de course.",AND(S8<>"",S8>0.1),"Vitesse OK, il casse sur 100 (lactique / pacing / technique).",AND(T8<>"",T8>0.12),"Manque aerobie / seuil — Batterie B (T200+T400) et series CSS.",AND(T8<>"",T8<0.06,S8<>"",S8<0.08),"Profil homogene — specificite d'allure vers la cible.",BA8="","Ajouter un T50 a la prochaine Batterie A.",TRUE,"Profil coherent. Voir consigne_charge pour deload / retest.")) | X8: =IF($A8="","",COUNTIFS(tblSeances[id_nageur],$A8,tblSeances[lundi],(TODAY()-WEEKDAY(TODAY(),3)),tblSeances[faite],"oui")&"/"&IFERROR(INDEX(tblNageurs[seances_sem],MATCH($A8,tblNageurs[id],0)),"")) | Y8: =IF($A8="","",SUMIFS(tblSeances[volume_m],tblSeances[id_nageur],$A8,tblSeances[lundi],(TODAY()-WEEKDAY(TODAY(),3)),tblSeances[faite],"oui")) | Z8: =IF($A8="","",TEXT(SUMIFS(tblSeances[volume_m],tblSeances[id_nageur],$A8,tblSeances[lundi],(TODAY()-WEEKDAY(TODAY(),3)),tblSeances[faite],"oui"),"0")&" / "&TEXT(SUMIFS(tblSeances[volume_m],tblSeances[id_nageur],$A8,tblSeances[lundi],(TODAY()-WEEKDAY(TODAY(),3))-7,tblSeances[faite],"oui"),"0")&" / "&TEXT(SUMIFS(tblSeances[volume_m],tblSeances[id_nageur],$A8,tblSeances[lundi],(TODAY()-WEEKDAY(TODAY(),3))-14,tblSeances[faite],"oui"),"0")) | AA8: =IF($A8="","",IFERROR(INDEX(FILTER(CHARGE!L$3:L$82,(CHARGE!A$3:A$82=$A8)*(CHARGE!B$3:B$82=(TODAY()-WEEKDAY(TODAY(),3)))),1),"")) | AB8: =IF($A8="","",IFERROR(INDEX(FILTER(CHARGE!M$3:M$82,(CHARGE!A$3:A$82=$A8)*(CHARGE!B$3:B$82=(TODAY()-WEEKDAY(TODAY(),3)))),1),"")) | AC8: =IF($A8="","",IFERROR(INDEX(FILTER(CHARGE!N$3:N$82,(CHARGE!A$3:A$82=$A8)*(CHARGE!B$3:B$82=(TODAY()-WEEKDAY(TODAY(),3)))),1),"")) | BA8: =IF($A8="","",IFERROR(INDEX(FILTER(tblTests[temps_sec],(tblTests[id_nageur]=$A8)*(tblTests[protocole]="T50")*(tblTests[nage]=$F8)*(tblTests[valide]="oui")*(tblTests[date]=MAXIFS(tblTests[date],tblTests[id_nageur],$A8,tblTests[protocole],"T50",tblTests[nage],$F8,tblTests[valide],"oui"))),1),"")) | BB8: =IF($A8="","",IFERROR(INDEX(FILTER(tblTests[temps_sec],(tblTests[id_nageur]=$A8)*(tblTests[protocole]="T100")*(tblTests[nage]=$F8)*(tblTests[valide]="oui")*(tblTests[date]=MAXIFS(tblTests[date],tblTests[id_nageur],$A8,tblTests[protocole],"T100",tblTests[nage],$F8,tblTests[valide],"oui"))),1),"")) | BC8: =IF($A8="","",IFERROR(INDEX(FILTER(tblTests[temps_sec],(tblTests[id_nageur]=$A8)*(tblTests[protocole]="T200")*(tblTests[nage]=$F8)*(tblTests[valide]="oui")*(tblTests[date]=MAXIFS(tblTests[date],tblTests[id_nageur],$A8,tblTests[protocole],"T200",tblTests[nage],$F8,tblTests[valide],"oui"))),1),"")) | BD8: =IF($A8="","",IFERROR(INDEX(FILTER(tblTests[temps_sec],(tblTests[id_nageur]=$A8)*(tblTests[protocole]="T400")*(tblTests[nage]=$F8)*(tblTests[valide]="oui")*(tblTests[date]=MAXIFS(tblTests[date],tblTests[id_nageur],$A8,tblTests[protocole],"T400",tblTests[nage],$F8,tblTests[valide],"oui"))),1),"")) | BE8: =IF($A8="","",IFERROR(INDEX(FILTER(tblTests[temps_sec],(tblTests[id_nageur]=$A8)*(tblTests[protocole]="T100")*(tblTests[nage]=$F8)*(tblTests[valide]="oui")*(tblTests[date]=IFERROR(LARGE(FILTER(tblTests[date],(tblTests[id_nageur]=$A8)*(tblTests[protocole]="T100")*(tblTests[nage]=$F8)*(tblTests[valide]="oui")),2),0))),1),"")) | BF8: =IF($A8="","",IFERROR(MAXIFS(tblTests[date],tblTests[id_nageur],$A8,tblTests[protocole],"T100",tblTests[nage],$F8,tblTests[valide],"oui"),""))
A9: =IFERROR(IF(INDEX(tblNageurs[id],7)="","",INDEX(tblNageurs[id],7)),"") | B9: =IF($A9="","",IFERROR(INDEX(tblNageurs[prenom],7),"")) | C9: =IF($A9="","",IFERROR(INDEX(tblNageurs[nom],7),"")) | D9: =IF($A9="","",IFERROR(INDEX(tblNageurs[niveau],7),"")) | E9: =IF($A9="","",IFERROR(INDEX(tblNageurs[statut],7),"")) | F9: =IF($A9="","",IF(OR($H9="dos",$H9="brasse",$H9="papillon"),$H9,"crawl")) | G9: =IF($A9="","",IFERROR(XLOOKUP($A9,tblObjectifs[cle_dashboard],tblObjectifs[discipline],""),"")) | H9: =IF($A9="","",IFERROR(XLOOKUP($A9,tblObjectifs[cle_dashboard],tblObjectifs[nage],""),"")) | I9: =IF($A9="","",IFERROR(XLOOKUP($A9,tblObjectifs[cle_dashboard],tblObjectifs[distance_m],""),"")) | J9: =IF($A9="","",IFERROR(XLOOKUP($A9,tblObjectifs[cle_dashboard],tblObjectifs[date_objectif],""),"")) | K9: =IF($A9="","",IFERROR(XLOOKUP($A9,tblObjectifs[cle_dashboard],tblObjectifs[lieu],""),"")) | L9: =IF($A9="","",IFERROR(XLOOKUP($A9,tblObjectifs[cle_dashboard],tblObjectifs[temps_cible],""),"")) | M9: =IF(OR($A9="",$J9=""),"",($J9-TODAY())/7) | N9: =IF(BA9="","",INT(BA9/60)&":"&TEXT(MOD(BA9,60),"00.00")) | O9: =IF(BB9="","",INT(BB9/60)&":"&TEXT(MOD(BB9,60),"00.00")) | P9: =IF(BC9="","",INT(BC9/60)&":"&TEXT(MOD(BC9,60),"00.00")) | Q9: =IF(BD9="","",INT(BD9/60)&":"&TEXT(MOD(BD9,60),"00.00")) | R9: =IF(OR(BB9="",BE9=""),"",(BB9-BE9)/BE9) | S9: =IF(OR(BA9="",BB9=""),"",BB9/(2*BA9)-1) | T9: =IF(OR(BB9="",BD9=""),"",BD9/(4*BB9)-1) | U9: =IF(OR(BC9="",BD9=""),"",INT(((BD9-BC9)/2)/60)&":"&TEXT(MOD((BD9-BC9)/2,60),"00.00")) | V9: =IF(BB9="","",ROUND(BB9,1)) | W9: =IF($A9="","",IFS(BB9="","Pas de T100 valide — Batterie A (T50 + T100).",AND(M9<>"",M9<=3),"Affutage (< 3 sem) — plus de test a fond. Allure de course.",AND(S9<>"",S9>0.1),"Vitesse OK, il casse sur 100 (lactique / pacing / technique).",AND(T9<>"",T9>0.12),"Manque aerobie / seuil — Batterie B (T200+T400) et series CSS.",AND(T9<>"",T9<0.06,S9<>"",S9<0.08),"Profil homogene — specificite d'allure vers la cible.",BA9="","Ajouter un T50 a la prochaine Batterie A.",TRUE,"Profil coherent. Voir consigne_charge pour deload / retest.")) | X9: =IF($A9="","",COUNTIFS(tblSeances[id_nageur],$A9,tblSeances[lundi],(TODAY()-WEEKDAY(TODAY(),3)),tblSeances[faite],"oui")&"/"&IFERROR(INDEX(tblNageurs[seances_sem],MATCH($A9,tblNageurs[id],0)),"")) | Y9: =IF($A9="","",SUMIFS(tblSeances[volume_m],tblSeances[id_nageur],$A9,tblSeances[lundi],(TODAY()-WEEKDAY(TODAY(),3)),tblSeances[faite],"oui")) | Z9: =IF($A9="","",TEXT(SUMIFS(tblSeances[volume_m],tblSeances[id_nageur],$A9,tblSeances[lundi],(TODAY()-WEEKDAY(TODAY(),3)),tblSeances[faite],"oui"),"0")&" / "&TEXT(SUMIFS(tblSeances[volume_m],tblSeances[id_nageur],$A9,tblSeances[lundi],(TODAY()-WEEKDAY(TODAY(),3))-7,tblSeances[faite],"oui"),"0")&" / "&TEXT(SUMIFS(tblSeances[volume_m],tblSeances[id_nageur],$A9,tblSeances[lundi],(TODAY()-WEEKDAY(TODAY(),3))-14,tblSeances[faite],"oui"),"0")) | AA9: =IF($A9="","",IFERROR(INDEX(FILTER(CHARGE!L$3:L$82,(CHARGE!A$3:A$82=$A9)*(CHARGE!B$3:B$82=(TODAY()-WEEKDAY(TODAY(),3)))),1),"")) | AB9: =IF($A9="","",IFERROR(INDEX(FILTER(CHARGE!M$3:M$82,(CHARGE!A$3:A$82=$A9)*(CHARGE!B$3:B$82=(TODAY()-WEEKDAY(TODAY(),3)))),1),"")) | AC9: =IF($A9="","",IFERROR(INDEX(FILTER(CHARGE!N$3:N$82,(CHARGE!A$3:A$82=$A9)*(CHARGE!B$3:B$82=(TODAY()-WEEKDAY(TODAY(),3)))),1),"")) | BA9: =IF($A9="","",IFERROR(INDEX(FILTER(tblTests[temps_sec],(tblTests[id_nageur]=$A9)*(tblTests[protocole]="T50")*(tblTests[nage]=$F9)*(tblTests[valide]="oui")*(tblTests[date]=MAXIFS(tblTests[date],tblTests[id_nageur],$A9,tblTests[protocole],"T50",tblTests[nage],$F9,tblTests[valide],"oui"))),1),"")) | BB9: =IF($A9="","",IFERROR(INDEX(FILTER(tblTests[temps_sec],(tblTests[id_nageur]=$A9)*(tblTests[protocole]="T100")*(tblTests[nage]=$F9)*(tblTests[valide]="oui")*(tblTests[date]=MAXIFS(tblTests[date],tblTests[id_nageur],$A9,tblTests[protocole],"T100",tblTests[nage],$F9,tblTests[valide],"oui"))),1),"")) | BC9: =IF($A9="","",IFERROR(INDEX(FILTER(tblTests[temps_sec],(tblTests[id_nageur]=$A9)*(tblTests[protocole]="T200")*(tblTests[nage]=$F9)*(tblTests[valide]="oui")*(tblTests[date]=MAXIFS(tblTests[date],tblTests[id_nageur],$A9,tblTests[protocole],"T200",tblTests[nage],$F9,tblTests[valide],"oui"))),1),"")) | BD9: =IF($A9="","",IFERROR(INDEX(FILTER(tblTests[temps_sec],(tblTests[id_nageur]=$A9)*(tblTests[protocole]="T400")*(tblTests[nage]=$F9)*(tblTests[valide]="oui")*(tblTests[date]=MAXIFS(tblTests[date],tblTests[id_nageur],$A9,tblTests[protocole],"T400",tblTests[nage],$F9,tblTests[valide],"oui"))),1),"")) | BE9: =IF($A9="","",IFERROR(INDEX(FILTER(tblTests[temps_sec],(tblTests[id_nageur]=$A9)*(tblTests[protocole]="T100")*(tblTests[nage]=$F9)*(tblTests[valide]="oui")*(tblTests[date]=IFERROR(LARGE(FILTER(tblTests[date],(tblTests[id_nageur]=$A9)*(tblTests[protocole]="T100")*(tblTests[nage]=$F9)*(tblTests[valide]="oui")),2),0))),1),"")) | BF9: =IF($A9="","",IFERROR(MAXIFS(tblTests[date],tblTests[id_nageur],$A9,tblTests[protocole],"T100",tblTests[nage],$F9,tblTests[valide],"oui"),""))
A10: =IFERROR(IF(INDEX(tblNageurs[id],8)="","",INDEX(tblNageurs[id],8)),"") | B10: =IF($A10="","",IFERROR(INDEX(tblNageurs[prenom],8),"")) | C10: =IF($A10="","",IFERROR(INDEX(tblNageurs[nom],8),"")) | D10: =IF($A10="","",IFERROR(INDEX(tblNageurs[niveau],8),"")) | E10: =IF($A10="","",IFERROR(INDEX(tblNageurs[statut],8),"")) | F10: =IF($A10="","",IF(OR($H10="dos",$H10="brasse",$H10="papillon"),$H10,"crawl")) | G10: =IF($A10="","",IFERROR(XLOOKUP($A10,tblObjectifs[cle_dashboard],tblObjectifs[discipline],""),"")) | H10: =IF($A10="","",IFERROR(XLOOKUP($A10,tblObjectifs[cle_dashboard],tblObjectifs[nage],""),"")) | I10: =IF($A10="","",IFERROR(XLOOKUP($A10,tblObjectifs[cle_dashboard],tblObjectifs[distance_m],""),"")) | J10: =IF($A10="","",IFERROR(XLOOKUP($A10,tblObjectifs[cle_dashboard],tblObjectifs[date_objectif],""),"")) | K10: =IF($A10="","",IFERROR(XLOOKUP($A10,tblObjectifs[cle_dashboard],tblObjectifs[lieu],""),"")) | L10: =IF($A10="","",IFERROR(XLOOKUP($A10,tblObjectifs[cle_dashboard],tblObjectifs[temps_cible],""),"")) | M10: =IF(OR($A10="",$J10=""),"",($J10-TODAY())/7) | N10: =IF(BA10="","",INT(BA10/60)&":"&TEXT(MOD(BA10,60),"00.00")) | O10: =IF(BB10="","",INT(BB10/60)&":"&TEXT(MOD(BB10,60),"00.00")) | P10: =IF(BC10="","",INT(BC10/60)&":"&TEXT(MOD(BC10,60),"00.00")) | Q10: =IF(BD10="","",INT(BD10/60)&":"&TEXT(MOD(BD10,60),"00.00")) | R10: =IF(OR(BB10="",BE10=""),"",(BB10-BE10)/BE10) | S10: =IF(OR(BA10="",BB10=""),"",BB10/(2*BA10)-1) | T10: =IF(OR(BB10="",BD10=""),"",BD10/(4*BB10)-1) | U10: =IF(OR(BC10="",BD10=""),"",INT(((BD10-BC10)/2)/60)&":"&TEXT(MOD((BD10-BC10)/2,60),"00.00")) | V10: =IF(BB10="","",ROUND(BB10,1)) | W10: =IF($A10="","",IFS(BB10="","Pas de T100 valide — Batterie A (T50 + T100).",AND(M10<>"",M10<=3),"Affutage (< 3 sem) — plus de test a fond. Allure de course.",AND(S10<>"",S10>0.1),"Vitesse OK, il casse sur 100 (lactique / pacing / technique).",AND(T10<>"",T10>0.12),"Manque aerobie / seuil — Batterie B (T200+T400) et series CSS.",AND(T10<>"",T10<0.06,S10<>"",S10<0.08),"Profil homogene — specificite d'allure vers la cible.",BA10="","Ajouter un T50 a la prochaine Batterie A.",TRUE,"Profil coherent. Voir consigne_charge pour deload / retest.")) | X10: =IF($A10="","",COUNTIFS(tblSeances[id_nageur],$A10,tblSeances[lundi],(TODAY()-WEEKDAY(TODAY(),3)),tblSeances[faite],"oui")&"/"&IFERROR(INDEX(tblNageurs[seances_sem],MATCH($A10,tblNageurs[id],0)),"")) | Y10: =IF($A10="","",SUMIFS(tblSeances[volume_m],tblSeances[id_nageur],$A10,tblSeances[lundi],(TODAY()-WEEKDAY(TODAY(),3)),tblSeances[faite],"oui")) | Z10: =IF($A10="","",TEXT(SUMIFS(tblSeances[volume_m],tblSeances[id_nageur],$A10,tblSeances[lundi],(TODAY()-WEEKDAY(TODAY(),3)),tblSeances[faite],"oui"),"0")&" / "&TEXT(SUMIFS(tblSeances[volume_m],tblSeances[id_nageur],$A10,tblSeances[lundi],(TODAY()-WEEKDAY(TODAY(),3))-7,tblSeances[faite],"oui"),"0")&" / "&TEXT(SUMIFS(tblSeances[volume_m],tblSeances[id_nageur],$A10,tblSeances[lundi],(TODAY()-WEEKDAY(TODAY(),3))-14,tblSeances[faite],"oui"),"0")) | AA10: =IF($A10="","",IFERROR(INDEX(FILTER(CHARGE!L$3:L$82,(CHARGE!A$3:A$82=$A10)*(CHARGE!B$3:B$82=(TODAY()-WEEKDAY(TODAY(),3)))),1),"")) | AB10: =IF($A10="","",IFERROR(INDEX(FILTER(CHARGE!M$3:M$82,(CHARGE!A$3:A$82=$A10)*(CHARGE!B$3:B$82=(TODAY()-WEEKDAY(TODAY(),3)))),1),"")) | AC10: =IF($A10="","",IFERROR(INDEX(FILTER(CHARGE!N$3:N$82,(CHARGE!A$3:A$82=$A10)*(CHARGE!B$3:B$82=(TODAY()-WEEKDAY(TODAY(),3)))),1),"")) | BA10: =IF($A10="","",IFERROR(INDEX(FILTER(tblTests[temps_sec],(tblTests[id_nageur]=$A10)*(tblTests[protocole]="T50")*(tblTests[nage]=$F10)*(tblTests[valide]="oui")*(tblTests[date]=MAXIFS(tblTests[date],tblTests[id_nageur],$A10,tblTests[protocole],"T50",tblTests[nage],$F10,tblTests[valide],"oui"))),1),"")) | BB10: =IF($A10="","",IFERROR(INDEX(FILTER(tblTests[temps_sec],(tblTests[id_nageur]=$A10)*(tblTests[protocole]="T100")*(tblTests[nage]=$F10)*(tblTests[valide]="oui")*(tblTests[date]=MAXIFS(tblTests[date],tblTests[id_nageur],$A10,tblTests[protocole],"T100",tblTests[nage],$F10,tblTests[valide],"oui"))),1),"")) | BC10: =IF($A10="","",IFERROR(INDEX(FILTER(tblTests[temps_sec],(tblTests[id_nageur]=$A10)*(tblTests[protocole]="T200")*(tblTests[nage]=$F10)*(tblTests[valide]="oui")*(tblTests[date]=MAXIFS(tblTests[date],tblTests[id_nageur],$A10,tblTests[protocole],"T200",tblTests[nage],$F10,tblTests[valide],"oui"))),1),"")) | BD10: =IF($A10="","",IFERROR(INDEX(FILTER(tblTests[temps_sec],(tblTests[id_nageur]=$A10)*(tblTests[protocole]="T400")*(tblTests[nage]=$F10)*(tblTests[valide]="oui")*(tblTests[date]=MAXIFS(tblTests[date],tblTests[id_nageur],$A10,tblTests[protocole],"T400",tblTests[nage],$F10,tblTests[valide],"oui"))),1),"")) | BE10: =IF($A10="","",IFERROR(INDEX(FILTER(tblTests[temps_sec],(tblTests[id_nageur]=$A10)*(tblTests[protocole]="T100")*(tblTests[nage]=$F10)*(tblTests[valide]="oui")*(tblTests[date]=IFERROR(LARGE(FILTER(tblTests[date],(tblTests[id_nageur]=$A10)*(tblTests[protocole]="T100")*(tblTests[nage]=$F10)*(tblTests[valide]="oui")),2),0))),1),"")) | BF10: =IF($A10="","",IFERROR(MAXIFS(tblTests[date],tblTests[id_nageur],$A10,tblTests[protocole],"T100",tblTests[nage],$F10,tblTests[valide],"oui"),""))
A11: =IFERROR(IF(INDEX(tblNageurs[id],9)="","",INDEX(tblNageurs[id],9)),"") | B11: =IF($A11="","",IFERROR(INDEX(tblNageurs[prenom],9),"")) | C11: =IF($A11="","",IFERROR(INDEX(tblNageurs[nom],9),"")) | D11: =IF($A11="","",IFERROR(INDEX(tblNageurs[niveau],9),"")) | E11: =IF($A11="","",IFERROR(INDEX(tblNageurs[statut],9),"")) | F11: =IF($A11="","",IF(OR($H11="dos",$H11="brasse",$H11="papillon"),$H11,"crawl")) | G11: =IF($A11="","",IFERROR(XLOOKUP($A11,tblObjectifs[cle_dashboard],tblObjectifs[discipline],""),"")) | H11: =IF($A11="","",IFERROR(XLOOKUP($A11,tblObjectifs[cle_dashboard],tblObjectifs[nage],""),"")) | I11: =IF($A11="","",IFERROR(XLOOKUP($A11,tblObjectifs[cle_dashboard],tblObjectifs[distance_m],""),"")) | J11: =IF($A11="","",IFERROR(XLOOKUP($A11,tblObjectifs[cle_dashboard],tblObjectifs[date_objectif],""),"")) | K11: =IF($A11="","",IFERROR(XLOOKUP($A11,tblObjectifs[cle_dashboard],tblObjectifs[lieu],""),"")) | L11: =IF($A11="","",IFERROR(XLOOKUP($A11,tblObjectifs[cle_dashboard],tblObjectifs[temps_cible],""),"")) | M11: =IF(OR($A11="",$J11=""),"",($J11-TODAY())/7) | N11: =IF(BA11="","",INT(BA11/60)&":"&TEXT(MOD(BA11,60),"00.00")) | O11: =IF(BB11="","",INT(BB11/60)&":"&TEXT(MOD(BB11,60),"00.00")) | P11: =IF(BC11="","",INT(BC11/60)&":"&TEXT(MOD(BC11,60),"00.00")) | Q11: =IF(BD11="","",INT(BD11/60)&":"&TEXT(MOD(BD11,60),"00.00")) | R11: =IF(OR(BB11="",BE11=""),"",(BB11-BE11)/BE11) | S11: =IF(OR(BA11="",BB11=""),"",BB11/(2*BA11)-1) | T11: =IF(OR(BB11="",BD11=""),"",BD11/(4*BB11)-1) | U11: =IF(OR(BC11="",BD11=""),"",INT(((BD11-BC11)/2)/60)&":"&TEXT(MOD((BD11-BC11)/2,60),"00.00")) | V11: =IF(BB11="","",ROUND(BB11,1)) | W11: =IF($A11="","",IFS(BB11="","Pas de T100 valide — Batterie A (T50 + T100).",AND(M11<>"",M11<=3),"Affutage (< 3 sem) — plus de test a fond. Allure de course.",AND(S11<>"",S11>0.1),"Vitesse OK, il casse sur 100 (lactique / pacing / technique).",AND(T11<>"",T11>0.12),"Manque aerobie / seuil — Batterie B (T200+T400) et series CSS.",AND(T11<>"",T11<0.06,S11<>"",S11<0.08),"Profil homogene — specificite d'allure vers la cible.",BA11="","Ajouter un T50 a la prochaine Batterie A.",TRUE,"Profil coherent. Voir consigne_charge pour deload / retest.")) | X11: =IF($A11="","",COUNTIFS(tblSeances[id_nageur],$A11,tblSeances[lundi],(TODAY()-WEEKDAY(TODAY(),3)),tblSeances[faite],"oui")&"/"&IFERROR(INDEX(tblNageurs[seances_sem],MATCH($A11,tblNageurs[id],0)),"")) | Y11: =IF($A11="","",SUMIFS(tblSeances[volume_m],tblSeances[id_nageur],$A11,tblSeances[lundi],(TODAY()-WEEKDAY(TODAY(),3)),tblSeances[faite],"oui")) | Z11: =IF($A11="","",TEXT(SUMIFS(tblSeances[volume_m],tblSeances[id_nageur],$A11,tblSeances[lundi],(TODAY()-WEEKDAY(TODAY(),3)),tblSeances[faite],"oui"),"0")&" / "&TEXT(SUMIFS(tblSeances[volume_m],tblSeances[id_nageur],$A11,tblSeances[lundi],(TODAY()-WEEKDAY(TODAY(),3))-7,tblSeances[faite],"oui"),"0")&" / "&TEXT(SUMIFS(tblSeances[volume_m],tblSeances[id_nageur],$A11,tblSeances[lundi],(TODAY()-WEEKDAY(TODAY(),3))-14,tblSeances[faite],"oui"),"0")) | AA11: =IF($A11="","",IFERROR(INDEX(FILTER(CHARGE!L$3:L$82,(CHARGE!A$3:A$82=$A11)*(CHARGE!B$3:B$82=(TODAY()-WEEKDAY(TODAY(),3)))),1),"")) | AB11: =IF($A11="","",IFERROR(INDEX(FILTER(CHARGE!M$3:M$82,(CHARGE!A$3:A$82=$A11)*(CHARGE!B$3:B$82=(TODAY()-WEEKDAY(TODAY(),3)))),1),"")) | AC11: =IF($A11="","",IFERROR(INDEX(FILTER(CHARGE!N$3:N$82,(CHARGE!A$3:A$82=$A11)*(CHARGE!B$3:B$82=(TODAY()-WEEKDAY(TODAY(),3)))),1),"")) | BA11: =IF($A11="","",IFERROR(INDEX(FILTER(tblTests[temps_sec],(tblTests[id_nageur]=$A11)*(tblTests[protocole]="T50")*(tblTests[nage]=$F11)*(tblTests[valide]="oui")*(tblTests[date]=MAXIFS(tblTests[date],tblTests[id_nageur],$A11,tblTests[protocole],"T50",tblTests[nage],$F11,tblTests[valide],"oui"))),1),"")) | BB11: =IF($A11="","",IFERROR(INDEX(FILTER(tblTests[temps_sec],(tblTests[id_nageur]=$A11)*(tblTests[protocole]="T100")*(tblTests[nage]=$F11)*(tblTests[valide]="oui")*(tblTests[date]=MAXIFS(tblTests[date],tblTests[id_nageur],$A11,tblTests[protocole],"T100",tblTests[nage],$F11,tblTests[valide],"oui"))),1),"")) | BC11: =IF($A11="","",IFERROR(INDEX(FILTER(tblTests[temps_sec],(tblTests[id_nageur]=$A11)*(tblTests[protocole]="T200")*(tblTests[nage]=$F11)*(tblTests[valide]="oui")*(tblTests[date]=MAXIFS(tblTests[date],tblTests[id_nageur],$A11,tblTests[protocole],"T200",tblTests[nage],$F11,tblTests[valide],"oui"))),1),"")) | BD11: =IF($A11="","",IFERROR(INDEX(FILTER(tblTests[temps_sec],(tblTests[id_nageur]=$A11)*(tblTests[protocole]="T400")*(tblTests[nage]=$F11)*(tblTests[valide]="oui")*(tblTests[date]=MAXIFS(tblTests[date],tblTests[id_nageur],$A11,tblTests[protocole],"T400",tblTests[nage],$F11,tblTests[valide],"oui"))),1),"")) | BE11: =IF($A11="","",IFERROR(INDEX(FILTER(tblTests[temps_sec],(tblTests[id_nageur]=$A11)*(tblTests[protocole]="T100")*(tblTests[nage]=$F11)*(tblTests[valide]="oui")*(tblTests[date]=IFERROR(LARGE(FILTER(tblTests[date],(tblTests[id_nageur]=$A11)*(tblTests[protocole]="T100")*(tblTests[nage]=$F11)*(tblTests[valide]="oui")),2),0))),1),"")) | BF11: =IF($A11="","",IFERROR(MAXIFS(tblTests[date],tblTests[id_nageur],$A11,tblTests[protocole],"T100",tblTests[nage],$F11,tblTests[valide],"oui"),""))
A12: =IFERROR(IF(INDEX(tblNageurs[id],10)="","",INDEX(tblNageurs[id],10)),"") | B12: =IF($A12="","",IFERROR(INDEX(tblNageurs[prenom],10),"")) | C12: =IF($A12="","",IFERROR(INDEX(tblNageurs[nom],10),"")) | D12: =IF($A12="","",IFERROR(INDEX(tblNageurs[niveau],10),"")) | E12: =IF($A12="","",IFERROR(INDEX(tblNageurs[statut],10),"")) | F12: =IF($A12="","",IF(OR($H12="dos",$H12="brasse",$H12="papillon"),$H12,"crawl")) | G12: =IF($A12="","",IFERROR(XLOOKUP($A12,tblObjectifs[cle_dashboard],tblObjectifs[discipline],""),"")) | H12: =IF($A12="","",IFERROR(XLOOKUP($A12,tblObjectifs[cle_dashboard],tblObjectifs[nage],""),"")) | I12: =IF($A12="","",IFERROR(XLOOKUP($A12,tblObjectifs[cle_dashboard],tblObjectifs[distance_m],""),"")) | J12: =IF($A12="","",IFERROR(XLOOKUP($A12,tblObjectifs[cle_dashboard],tblObjectifs[date_objectif],""),"")) | K12: =IF($A12="","",IFERROR(XLOOKUP($A12,tblObjectifs[cle_dashboard],tblObjectifs[lieu],""),"")) | L12: =IF($A12="","",IFERROR(XLOOKUP($A12,tblObjectifs[cle_dashboard],tblObjectifs[temps_cible],""),"")) | M12: =IF(OR($A12="",$J12=""),"",($J12-TODAY())/7) | N12: =IF(BA12="","",INT(BA12/60)&":"&TEXT(MOD(BA12,60),"00.00")) | O12: =IF(BB12="","",INT(BB12/60)&":"&TEXT(MOD(BB12,60),"00.00")) | P12: =IF(BC12="","",INT(BC12/60)&":"&TEXT(MOD(BC12,60),"00.00")) | Q12: =IF(BD12="","",INT(BD12/60)&":"&TEXT(MOD(BD12,60),"00.00")) | R12: =IF(OR(BB12="",BE12=""),"",(BB12-BE12)/BE12) | S12: =IF(OR(BA12="",BB12=""),"",BB12/(2*BA12)-1) | T12: =IF(OR(BB12="",BD12=""),"",BD12/(4*BB12)-1) | U12: =IF(OR(BC12="",BD12=""),"",INT(((BD12-BC12)/2)/60)&":"&TEXT(MOD((BD12-BC12)/2,60),"00.00")) | V12: =IF(BB12="","",ROUND(BB12,1)) | W12: =IF($A12="","",IFS(BB12="","Pas de T100 valide — Batterie A (T50 + T100).",AND(M12<>"",M12<=3),"Affutage (< 3 sem) — plus de test a fond. Allure de course.",AND(S12<>"",S12>0.1),"Vitesse OK, il casse sur 100 (lactique / pacing / technique).",AND(T12<>"",T12>0.12),"Manque aerobie / seuil — Batterie B (T200+T400) et series CSS.",AND(T12<>"",T12<0.06,S12<>"",S12<0.08),"Profil homogene — specificite d'allure vers la cible.",BA12="","Ajouter un T50 a la prochaine Batterie A.",TRUE,"Profil coherent. Voir consigne_charge pour deload / retest.")) | X12: =IF($A12="","",COUNTIFS(tblSeances[id_nageur],$A12,tblSeances[lundi],(TODAY()-WEEKDAY(TODAY(),3)),tblSeances[faite],"oui")&"/"&IFERROR(INDEX(tblNageurs[seances_sem],MATCH($A12,tblNageurs[id],0)),"")) | Y12: =IF($A12="","",SUMIFS(tblSeances[volume_m],tblSeances[id_nageur],$A12,tblSeances[lundi],(TODAY()-WEEKDAY(TODAY(),3)),tblSeances[faite],"oui")) | Z12: =IF($A12="","",TEXT(SUMIFS(tblSeances[volume_m],tblSeances[id_nageur],$A12,tblSeances[lundi],(TODAY()-WEEKDAY(TODAY(),3)),tblSeances[faite],"oui"),"0")&" / "&TEXT(SUMIFS(tblSeances[volume_m],tblSeances[id_nageur],$A12,tblSeances[lundi],(TODAY()-WEEKDAY(TODAY(),3))-7,tblSeances[faite],"oui"),"0")&" / "&TEXT(SUMIFS(tblSeances[volume_m],tblSeances[id_nageur],$A12,tblSeances[lundi],(TODAY()-WEEKDAY(TODAY(),3))-14,tblSeances[faite],"oui"),"0")) | AA12: =IF($A12="","",IFERROR(INDEX(FILTER(CHARGE!L$3:L$82,(CHARGE!A$3:A$82=$A12)*(CHARGE!B$3:B$82=(TODAY()-WEEKDAY(TODAY(),3)))),1),"")) | AB12: =IF($A12="","",IFERROR(INDEX(FILTER(CHARGE!M$3:M$82,(CHARGE!A$3:A$82=$A12)*(CHARGE!B$3:B$82=(TODAY()-WEEKDAY(TODAY(),3)))),1),"")) | AC12: =IF($A12="","",IFERROR(INDEX(FILTER(CHARGE!N$3:N$82,(CHARGE!A$3:A$82=$A12)*(CHARGE!B$3:B$82=(TODAY()-WEEKDAY(TODAY(),3)))),1),"")) | BA12: =IF($A12="","",IFERROR(INDEX(FILTER(tblTests[temps_sec],(tblTests[id_nageur]=$A12)*(tblTests[protocole]="T50")*(tblTests[nage]=$F12)*(tblTests[valide]="oui")*(tblTests[date]=MAXIFS(tblTests[date],tblTests[id_nageur],$A12,tblTests[protocole],"T50",tblTests[nage],$F12,tblTests[valide],"oui"))),1),"")) | BB12: =IF($A12="","",IFERROR(INDEX(FILTER(tblTests[temps_sec],(tblTests[id_nageur]=$A12)*(tblTests[protocole]="T100")*(tblTests[nage]=$F12)*(tblTests[valide]="oui")*(tblTests[date]=MAXIFS(tblTests[date],tblTests[id_nageur],$A12,tblTests[protocole],"T100",tblTests[nage],$F12,tblTests[valide],"oui"))),1),"")) | BC12: =IF($A12="","",IFERROR(INDEX(FILTER(tblTests[temps_sec],(tblTests[id_nageur]=$A12)*(tblTests[protocole]="T200")*(tblTests[nage]=$F12)*(tblTests[valide]="oui")*(tblTests[date]=MAXIFS(tblTests[date],tblTests[id_nageur],$A12,tblTests[protocole],"T200",tblTests[nage],$F12,tblTests[valide],"oui"))),1),"")) | BD12: =IF($A12="","",IFERROR(INDEX(FILTER(tblTests[temps_sec],(tblTests[id_nageur]=$A12)*(tblTests[protocole]="T400")*(tblTests[nage]=$F12)*(tblTests[valide]="oui")*(tblTests[date]=MAXIFS(tblTests[date],tblTests[id_nageur],$A12,tblTests[protocole],"T400",tblTests[nage],$F12,tblTests[valide],"oui"))),1),"")) | BE12: =IF($A12="","",IFERROR(INDEX(FILTER(tblTests[temps_sec],(tblTests[id_nageur]=$A12)*(tblTests[protocole]="T100")*(tblTests[nage]=$F12)*(tblTests[valide]="oui")*(tblTests[date]=IFERROR(LARGE(FILTER(tblTests[date],(tblTests[id_nageur]=$A12)*(tblTests[protocole]="T100")*(tblTests[nage]=$F12)*(tblTests[valide]="oui")),2),0))),1),"")) | BF12: =IF($A12="","",IFERROR(MAXIFS(tblTests[date],tblTests[id_nageur],$A12,tblTests[protocole],"T100",tblTests[nage],$F12,tblTests[valide],"oui"),""))
A13: =IFERROR(IF(INDEX(tblNageurs[id],11)="","",INDEX(tblNageurs[id],11)),"") | B13: =IF($A13="","",IFERROR(INDEX(tblNageurs[prenom],11),"")) | C13: =IF($A13="","",IFERROR(INDEX(tblNageurs[nom],11),"")) | D13: =IF($A13="","",IFERROR(INDEX(tblNageurs[niveau],11),"")) | E13: =IF($A13="","",IFERROR(INDEX(tblNageurs[statut],11),"")) | F13: =IF($A13="","",IF(OR($H13="dos",$H13="brasse",$H13="papillon"),$H13,"crawl")) | G13: =IF($A13="","",IFERROR(XLOOKUP($A13,tblObjectifs[cle_dashboard],tblObjectifs[discipline],""),"")) | H13: =IF($A13="","",IFERROR(XLOOKUP($A13,tblObjectifs[cle_dashboard],tblObjectifs[nage],""),"")) | I13: =IF($A13="","",IFERROR(XLOOKUP($A13,tblObjectifs[cle_dashboard],tblObjectifs[distance_m],""),"")) | J13: =IF($A13="","",IFERROR(XLOOKUP($A13,tblObjectifs[cle_dashboard],tblObjectifs[date_objectif],""),"")) | K13: =IF($A13="","",IFERROR(XLOOKUP($A13,tblObjectifs[cle_dashboard],tblObjectifs[lieu],""),"")) | L13: =IF($A13="","",IFERROR(XLOOKUP($A13,tblObjectifs[cle_dashboard],tblObjectifs[temps_cible],""),"")) | M13: =IF(OR($A13="",$J13=""),"",($J13-TODAY())/7) | N13: =IF(BA13="","",INT(BA13/60)&":"&TEXT(MOD(BA13,60),"00.00")) | O13: =IF(BB13="","",INT(BB13/60)&":"&TEXT(MOD(BB13,60),"00.00")) | P13: =IF(BC13="","",INT(BC13/60)&":"&TEXT(MOD(BC13,60),"00.00")) | Q13: =IF(BD13="","",INT(BD13/60)&":"&TEXT(MOD(BD13,60),"00.00")) | R13: =IF(OR(BB13="",BE13=""),"",(BB13-BE13)/BE13) | S13: =IF(OR(BA13="",BB13=""),"",BB13/(2*BA13)-1) | T13: =IF(OR(BB13="",BD13=""),"",BD13/(4*BB13)-1) | U13: =IF(OR(BC13="",BD13=""),"",INT(((BD13-BC13)/2)/60)&":"&TEXT(MOD((BD13-BC13)/2,60),"00.00")) | V13: =IF(BB13="","",ROUND(BB13,1)) | W13: =IF($A13="","",IFS(BB13="","Pas de T100 valide — Batterie A (T50 + T100).",AND(M13<>"",M13<=3),"Affutage (< 3 sem) — plus de test a fond. Allure de course.",AND(S13<>"",S13>0.1),"Vitesse OK, il casse sur 100 (lactique / pacing / technique).",AND(T13<>"",T13>0.12),"Manque aerobie / seuil — Batterie B (T200+T400) et series CSS.",AND(T13<>"",T13<0.06,S13<>"",S13<0.08),"Profil homogene — specificite d'allure vers la cible.",BA13="","Ajouter un T50 a la prochaine Batterie A.",TRUE,"Profil coherent. Voir consigne_charge pour deload / retest.")) | X13: =IF($A13="","",COUNTIFS(tblSeances[id_nageur],$A13,tblSeances[lundi],(TODAY()-WEEKDAY(TODAY(),3)),tblSeances[faite],"oui")&"/"&IFERROR(INDEX(tblNageurs[seances_sem],MATCH($A13,tblNageurs[id],0)),"")) | Y13: =IF($A13="","",SUMIFS(tblSeances[volume_m],tblSeances[id_nageur],$A13,tblSeances[lundi],(TODAY()-WEEKDAY(TODAY(),3)),tblSeances[faite],"oui")) | Z13: =IF($A13="","",TEXT(SUMIFS(tblSeances[volume_m],tblSeances[id_nageur],$A13,tblSeances[lundi],(TODAY()-WEEKDAY(TODAY(),3)),tblSeances[faite],"oui"),"0")&" / "&TEXT(SUMIFS(tblSeances[volume_m],tblSeances[id_nageur],$A13,tblSeances[lundi],(TODAY()-WEEKDAY(TODAY(),3))-7,tblSeances[faite],"oui"),"0")&" / "&TEXT(SUMIFS(tblSeances[volume_m],tblSeances[id_nageur],$A13,tblSeances[lundi],(TODAY()-WEEKDAY(TODAY(),3))-14,tblSeances[faite],"oui"),"0")) | AA13: =IF($A13="","",IFERROR(INDEX(FILTER(CHARGE!L$3:L$82,(CHARGE!A$3:A$82=$A13)*(CHARGE!B$3:B$82=(TODAY()-WEEKDAY(TODAY(),3)))),1),"")) | AB13: =IF($A13="","",IFERROR(INDEX(FILTER(CHARGE!M$3:M$82,(CHARGE!A$3:A$82=$A13)*(CHARGE!B$3:B$82=(TODAY()-WEEKDAY(TODAY(),3)))),1),"")) | AC13: =IF($A13="","",IFERROR(INDEX(FILTER(CHARGE!N$3:N$82,(CHARGE!A$3:A$82=$A13)*(CHARGE!B$3:B$82=(TODAY()-WEEKDAY(TODAY(),3)))),1),"")) | BA13: =IF($A13="","",IFERROR(INDEX(FILTER(tblTests[temps_sec],(tblTests[id_nageur]=$A13)*(tblTests[protocole]="T50")*(tblTests[nage]=$F13)*(tblTests[valide]="oui")*(tblTests[date]=MAXIFS(tblTests[date],tblTests[id_nageur],$A13,tblTests[protocole],"T50",tblTests[nage],$F13,tblTests[valide],"oui"))),1),"")) | BB13: =IF($A13="","",IFERROR(INDEX(FILTER(tblTests[temps_sec],(tblTests[id_nageur]=$A13)*(tblTests[protocole]="T100")*(tblTests[nage]=$F13)*(tblTests[valide]="oui")*(tblTests[date]=MAXIFS(tblTests[date],tblTests[id_nageur],$A13,tblTests[protocole],"T100",tblTests[nage],$F13,tblTests[valide],"oui"))),1),"")) | BC13: =IF($A13="","",IFERROR(INDEX(FILTER(tblTests[temps_sec],(tblTests[id_nageur]=$A13)*(tblTests[protocole]="T200")*(tblTests[nage]=$F13)*(tblTests[valide]="oui")*(tblTests[date]=MAXIFS(tblTests[date],tblTests[id_nageur],$A13,tblTests[protocole],"T200",tblTests[nage],$F13,tblTests[valide],"oui"))),1),"")) | BD13: =IF($A13="","",IFERROR(INDEX(FILTER(tblTests[temps_sec],(tblTests[id_nageur]=$A13)*(tblTests[protocole]="T400")*(tblTests[nage]=$F13)*(tblTests[valide]="oui")*(tblTests[date]=MAXIFS(tblTests[date],tblTests[id_nageur],$A13,tblTests[protocole],"T400",tblTests[nage],$F13,tblTests[valide],"oui"))),1),"")) | BE13: =IF($A13="","",IFERROR(INDEX(FILTER(tblTests[temps_sec],(tblTests[id_nageur]=$A13)*(tblTests[protocole]="T100")*(tblTests[nage]=$F13)*(tblTests[valide]="oui")*(tblTests[date]=IFERROR(LARGE(FILTER(tblTests[date],(tblTests[id_nageur]=$A13)*(tblTests[protocole]="T100")*(tblTests[nage]=$F13)*(tblTests[valide]="oui")),2),0))),1),"")) | BF13: =IF($A13="","",IFERROR(MAXIFS(tblTests[date],tblTests[id_nageur],$A13,tblTests[protocole],"T100",tblTests[nage],$F13,tblTests[valide],"oui"),""))
A14: =IFERROR(IF(INDEX(tblNageurs[id],12)="","",INDEX(tblNageurs[id],12)),"") | B14: =IF($A14="","",IFERROR(INDEX(tblNageurs[prenom],12),"")) | C14: =IF($A14="","",IFERROR(INDEX(tblNageurs[nom],12),"")) | D14: =IF($A14="","",IFERROR(INDEX(tblNageurs[niveau],12),"")) | E14: =IF($A14="","",IFERROR(INDEX(tblNageurs[statut],12),"")) | F14: =IF($A14="","",IF(OR($H14="dos",$H14="brasse",$H14="papillon"),$H14,"crawl")) | G14: =IF($A14="","",IFERROR(XLOOKUP($A14,tblObjectifs[cle_dashboard],tblObjectifs[discipline],""),"")) | H14: =IF($A14="","",IFERROR(XLOOKUP($A14,tblObjectifs[cle_dashboard],tblObjectifs[nage],""),"")) | I14: =IF($A14="","",IFERROR(XLOOKUP($A14,tblObjectifs[cle_dashboard],tblObjectifs[distance_m],""),"")) | J14: =IF($A14="","",IFERROR(XLOOKUP($A14,tblObjectifs[cle_dashboard],tblObjectifs[date_objectif],""),"")) | K14: =IF($A14="","",IFERROR(XLOOKUP($A14,tblObjectifs[cle_dashboard],tblObjectifs[lieu],""),"")) | L14: =IF($A14="","",IFERROR(XLOOKUP($A14,tblObjectifs[cle_dashboard],tblObjectifs[temps_cible],""),"")) | M14: =IF(OR($A14="",$J14=""),"",($J14-TODAY())/7) | N14: =IF(BA14="","",INT(BA14/60)&":"&TEXT(MOD(BA14,60),"00.00")) | O14: =IF(BB14="","",INT(BB14/60)&":"&TEXT(MOD(BB14,60),"00.00")) | P14: =IF(BC14="","",INT(BC14/60)&":"&TEXT(MOD(BC14,60),"00.00")) | Q14: =IF(BD14="","",INT(BD14/60)&":"&TEXT(MOD(BD14,60),"00.00")) | R14: =IF(OR(BB14="",BE14=""),"",(BB14-BE14)/BE14) | S14: =IF(OR(BA14="",BB14=""),"",BB14/(2*BA14)-1) | T14: =IF(OR(BB14="",BD14=""),"",BD14/(4*BB14)-1) | U14: =IF(OR(BC14="",BD14=""),"",INT(((BD14-BC14)/2)/60)&":"&TEXT(MOD((BD14-BC14)/2,60),"00.00")) | V14: =IF(BB14="","",ROUND(BB14,1)) | W14: =IF($A14="","",IFS(BB14="","Pas de T100 valide — Batterie A (T50 + T100).",AND(M14<>"",M14<=3),"Affutage (< 3 sem) — plus de test a fond. Allure de course.",AND(S14<>"",S14>0.1),"Vitesse OK, il casse sur 100 (lactique / pacing / technique).",AND(T14<>"",T14>0.12),"Manque aerobie / seuil — Batterie B (T200+T400) et series CSS.",AND(T14<>"",T14<0.06,S14<>"",S14<0.08),"Profil homogene — specificite d'allure vers la cible.",BA14="","Ajouter un T50 a la prochaine Batterie A.",TRUE,"Profil coherent. Voir consigne_charge pour deload / retest.")) | X14: =IF($A14="","",COUNTIFS(tblSeances[id_nageur],$A14,tblSeances[lundi],(TODAY()-WEEKDAY(TODAY(),3)),tblSeances[faite],"oui")&"/"&IFERROR(INDEX(tblNageurs[seances_sem],MATCH($A14,tblNageurs[id],0)),"")) | Y14: =IF($A14="","",SUMIFS(tblSeances[volume_m],tblSeances[id_nageur],$A14,tblSeances[lundi],(TODAY()-WEEKDAY(TODAY(),3)),tblSeances[faite],"oui")) | Z14: =IF($A14="","",TEXT(SUMIFS(tblSeances[volume_m],tblSeances[id_nageur],$A14,tblSeances[lundi],(TODAY()-WEEKDAY(TODAY(),3)),tblSeances[faite],"oui"),"0")&" / "&TEXT(SUMIFS(tblSeances[volume_m],tblSeances[id_nageur],$A14,tblSeances[lundi],(TODAY()-WEEKDAY(TODAY(),3))-7,tblSeances[faite],"oui"),"0")&" / "&TEXT(SUMIFS(tblSeances[volume_m],tblSeances[id_nageur],$A14,tblSeances[lundi],(TODAY()-WEEKDAY(TODAY(),3))-14,tblSeances[faite],"oui"),"0")) | AA14: =IF($A14="","",IFERROR(INDEX(FILTER(CHARGE!L$3:L$82,(CHARGE!A$3:A$82=$A14)*(CHARGE!B$3:B$82=(TODAY()-WEEKDAY(TODAY(),3)))),1),"")) | AB14: =IF($A14="","",IFERROR(INDEX(FILTER(CHARGE!M$3:M$82,(CHARGE!A$3:A$82=$A14)*(CHARGE!B$3:B$82=(TODAY()-WEEKDAY(TODAY(),3)))),1),"")) | AC14: =IF($A14="","",IFERROR(INDEX(FILTER(CHARGE!N$3:N$82,(CHARGE!A$3:A$82=$A14)*(CHARGE!B$3:B$82=(TODAY()-WEEKDAY(TODAY(),3)))),1),"")) | BA14: =IF($A14="","",IFERROR(INDEX(FILTER(tblTests[temps_sec],(tblTests[id_nageur]=$A14)*(tblTests[protocole]="T50")*(tblTests[nage]=$F14)*(tblTests[valide]="oui")*(tblTests[date]=MAXIFS(tblTests[date],tblTests[id_nageur],$A14,tblTests[protocole],"T50",tblTests[nage],$F14,tblTests[valide],"oui"))),1),"")) | BB14: =IF($A14="","",IFERROR(INDEX(FILTER(tblTests[temps_sec],(tblTests[id_nageur]=$A14)*(tblTests[protocole]="T100")*(tblTests[nage]=$F14)*(tblTests[valide]="oui")*(tblTests[date]=MAXIFS(tblTests[date],tblTests[id_nageur],$A14,tblTests[protocole],"T100",tblTests[nage],$F14,tblTests[valide],"oui"))),1),"")) | BC14: =IF($A14="","",IFERROR(INDEX(FILTER(tblTests[temps_sec],(tblTests[id_nageur]=$A14)*(tblTests[protocole]="T200")*(tblTests[nage]=$F14)*(tblTests[valide]="oui")*(tblTests[date]=MAXIFS(tblTests[date],tblTests[id_nageur],$A14,tblTests[protocole],"T200",tblTests[nage],$F14,tblTests[valide],"oui"))),1),"")) | BD14: =IF($A14="","",IFERROR(INDEX(FILTER(tblTests[temps_sec],(tblTests[id_nageur]=$A14)*(tblTests[protocole]="T400")*(tblTests[nage]=$F14)*(tblTests[valide]="oui")*(tblTests[date]=MAXIFS(tblTests[date],tblTests[id_nageur],$A14,tblTests[protocole],"T400",tblTests[nage],$F14,tblTests[valide],"oui"))),1),"")) | BE14: =IF($A14="","",IFERROR(INDEX(FILTER(tblTests[temps_sec],(tblTests[id_nageur]=$A14)*(tblTests[protocole]="T100")*(tblTests[nage]=$F14)*(tblTests[valide]="oui")*(tblTests[date]=IFERROR(LARGE(FILTER(tblTests[date],(tblTests[id_nageur]=$A14)*(tblTests[protocole]="T100")*(tblTests[nage]=$F14)*(tblTests[valide]="oui")),2),0))),1),"")) | BF14: =IF($A14="","",IFERROR(MAXIFS(tblTests[date],tblTests[id_nageur],$A14,tblTests[protocole],"T100",tblTests[nage],$F14,tblTests[valide],"oui"),""))
A15: =IFERROR(IF(INDEX(tblNageurs[id],13)="","",INDEX(tblNageurs[id],13)),"") | B15: =IF($A15="","",IFERROR(INDEX(tblNageurs[prenom],13),"")) | C15: =IF($A15="","",IFERROR(INDEX(tblNageurs[nom],13),"")) | D15: =IF($A15="","",IFERROR(INDEX(tblNageurs[niveau],13),"")) | E15: =IF($A15="","",IFERROR(INDEX(tblNageurs[statut],13),"")) | F15: =IF($A15="","",IF(OR($H15="dos",$H15="brasse",$H15="papillon"),$H15,"crawl")) | G15: =IF($A15="","",IFERROR(XLOOKUP($A15,tblObjectifs[cle_dashboard],tblObjectifs[discipline],""),"")) | H15: =IF($A15="","",IFERROR(XLOOKUP($A15,tblObjectifs[cle_dashboard],tblObjectifs[nage],""),"")) | I15: =IF($A15="","",IFERROR(XLOOKUP($A15,tblObjectifs[cle_dashboard],tblObjectifs[distance_m],""),"")) | J15: =IF($A15="","",IFERROR(XLOOKUP($A15,tblObjectifs[cle_dashboard],tblObjectifs[date_objectif],""),"")) | K15: =IF($A15="","",IFERROR(XLOOKUP($A15,tblObjectifs[cle_dashboard],tblObjectifs[lieu],""),"")) | L15: =IF($A15="","",IFERROR(XLOOKUP($A15,tblObjectifs[cle_dashboard],tblObjectifs[temps_cible],""),"")) | M15: =IF(OR($A15="",$J15=""),"",($J15-TODAY())/7) | N15: =IF(BA15="","",INT(BA15/60)&":"&TEXT(MOD(BA15,60),"00.00")) | O15: =IF(BB15="","",INT(BB15/60)&":"&TEXT(MOD(BB15,60),"00.00")) | P15: =IF(BC15="","",INT(BC15/60)&":"&TEXT(MOD(BC15,60),"00.00")) | Q15: =IF(BD15="","",INT(BD15/60)&":"&TEXT(MOD(BD15,60),"00.00")) | R15: =IF(OR(BB15="",BE15=""),"",(BB15-BE15)/BE15) | S15: =IF(OR(BA15="",BB15=""),"",BB15/(2*BA15)-1) | T15: =IF(OR(BB15="",BD15=""),"",BD15/(4*BB15)-1) | U15: =IF(OR(BC15="",BD15=""),"",INT(((BD15-BC15)/2)/60)&":"&TEXT(MOD((BD15-BC15)/2,60),"00.00")) | V15: =IF(BB15="","",ROUND(BB15,1)) | W15: =IF($A15="","",IFS(BB15="","Pas de T100 valide — Batterie A (T50 + T100).",AND(M15<>"",M15<=3),"Affutage (< 3 sem) — plus de test a fond. Allure de course.",AND(S15<>"",S15>0.1),"Vitesse OK, il casse sur 100 (lactique / pacing / technique).",AND(T15<>"",T15>0.12),"Manque aerobie / seuil — Batterie B (T200+T400) et series CSS.",AND(T15<>"",T15<0.06,S15<>"",S15<0.08),"Profil homogene — specificite d'allure vers la cible.",BA15="","Ajouter un T50 a la prochaine Batterie A.",TRUE,"Profil coherent. Voir consigne_charge pour deload / retest.")) | X15: =IF($A15="","",COUNTIFS(tblSeances[id_nageur],$A15,tblSeances[lundi],(TODAY()-WEEKDAY(TODAY(),3)),tblSeances[faite],"oui")&"/"&IFERROR(INDEX(tblNageurs[seances_sem],MATCH($A15,tblNageurs[id],0)),"")) | Y15: =IF($A15="","",SUMIFS(tblSeances[volume_m],tblSeances[id_nageur],$A15,tblSeances[lundi],(TODAY()-WEEKDAY(TODAY(),3)),tblSeances[faite],"oui")) | Z15: =IF($A15="","",TEXT(SUMIFS(tblSeances[volume_m],tblSeances[id_nageur],$A15,tblSeances[lundi],(TODAY()-WEEKDAY(TODAY(),3)),tblSeances[faite],"oui"),"0")&" / "&TEXT(SUMIFS(tblSeances[volume_m],tblSeances[id_nageur],$A15,tblSeances[lundi],(TODAY()-WEEKDAY(TODAY(),3))-7,tblSeances[faite],"oui"),"0")&" / "&TEXT(SUMIFS(tblSeances[volume_m],tblSeances[id_nageur],$A15,tblSeances[lundi],(TODAY()-WEEKDAY(TODAY(),3))-14,tblSeances[faite],"oui"),"0")) | AA15: =IF($A15="","",IFERROR(INDEX(FILTER(CHARGE!L$3:L$82,(CHARGE!A$3:A$82=$A15)*(CHARGE!B$3:B$82=(TODAY()-WEEKDAY(TODAY(),3)))),1),"")) | AB15: =IF($A15="","",IFERROR(INDEX(FILTER(CHARGE!M$3:M$82,(CHARGE!A$3:A$82=$A15)*(CHARGE!B$3:B$82=(TODAY()-WEEKDAY(TODAY(),3)))),1),"")) | AC15: =IF($A15="","",IFERROR(INDEX(FILTER(CHARGE!N$3:N$82,(CHARGE!A$3:A$82=$A15)*(CHARGE!B$3:B$82=(TODAY()-WEEKDAY(TODAY(),3)))),1),"")) | BA15: =IF($A15="","",IFERROR(INDEX(FILTER(tblTests[temps_sec],(tblTests[id_nageur]=$A15)*(tblTests[protocole]="T50")*(tblTests[nage]=$F15)*(tblTests[valide]="oui")*(tblTests[date]=MAXIFS(tblTests[date],tblTests[id_nageur],$A15,tblTests[protocole],"T50",tblTests[nage],$F15,tblTests[valide],"oui"))),1),"")) | BB15: =IF($A15="","",IFERROR(INDEX(FILTER(tblTests[temps_sec],(tblTests[id_nageur]=$A15)*(tblTests[protocole]="T100")*(tblTests[nage]=$F15)*(tblTests[valide]="oui")*(tblTests[date]=MAXIFS(tblTests[date],tblTests[id_nageur],$A15,tblTests[protocole],"T100",tblTests[nage],$F15,tblTests[valide],"oui"))),1),"")) | BC15: =IF($A15="","",IFERROR(INDEX(FILTER(tblTests[temps_sec],(tblTests[id_nageur]=$A15)*(tblTests[protocole]="T200")*(tblTests[nage]=$F15)*(tblTests[valide]="oui")*(tblTests[date]=MAXIFS(tblTests[date],tblTests[id_nageur],$A15,tblTests[protocole],"T200",tblTests[nage],$F15,tblTests[valide],"oui"))),1),"")) | BD15: =IF($A15="","",IFERROR(INDEX(FILTER(tblTests[temps_sec],(tblTests[id_nageur]=$A15)*(tblTests[protocole]="T400")*(tblTests[nage]=$F15)*(tblTests[valide]="oui")*(tblTests[date]=MAXIFS(tblTests[date],tblTests[id_nageur],$A15,tblTests[protocole],"T400",tblTests[nage],$F15,tblTests[valide],"oui"))),1),"")) | BE15: =IF($A15="","",IFERROR(INDEX(FILTER(tblTests[temps_sec],(tblTests[id_nageur]=$A15)*(tblTests[protocole]="T100")*(tblTests[nage]=$F15)*(tblTests[valide]="oui")*(tblTests[date]=IFERROR(LARGE(FILTER(tblTests[date],(tblTests[id_nageur]=$A15)*(tblTests[protocole]="T100")*(tblTests[nage]=$F15)*(tblTests[valide]="oui")),2),0))),1),"")) | BF15: =IF($A15="","",IFERROR(MAXIFS(tblTests[date],tblTests[id_nageur],$A15,tblTests[protocole],"T100",tblTests[nage],$F15,tblTests[valide],"oui"),""))
A16: =IFERROR(IF(INDEX(tblNageurs[id],14)="","",INDEX(tblNageurs[id],14)),"") | B16: =IF($A16="","",IFERROR(INDEX(tblNageurs[prenom],14),"")) | C16: =IF($A16="","",IFERROR(INDEX(tblNageurs[nom],14),"")) | D16: =IF($A16="","",IFERROR(INDEX(tblNageurs[niveau],14),"")) | E16: =IF($A16="","",IFERROR(INDEX(tblNageurs[statut],14),"")) | F16: =IF($A16="","",IF(OR($H16="dos",$H16="brasse",$H16="papillon"),$H16,"crawl")) | G16: =IF($A16="","",IFERROR(XLOOKUP($A16,tblObjectifs[cle_dashboard],tblObjectifs[discipline],""),"")) | H16: =IF($A16="","",IFERROR(XLOOKUP($A16,tblObjectifs[cle_dashboard],tblObjectifs[nage],""),"")) | I16: =IF($A16="","",IFERROR(XLOOKUP($A16,tblObjectifs[cle_dashboard],tblObjectifs[distance_m],""),"")) | J16: =IF($A16="","",IFERROR(XLOOKUP($A16,tblObjectifs[cle_dashboard],tblObjectifs[date_objectif],""),"")) | K16: =IF($A16="","",IFERROR(XLOOKUP($A16,tblObjectifs[cle_dashboard],tblObjectifs[lieu],""),"")) | L16: =IF($A16="","",IFERROR(XLOOKUP($A16,tblObjectifs[cle_dashboard],tblObjectifs[temps_cible],""),"")) | M16: =IF(OR($A16="",$J16=""),"",($J16-TODAY())/7) | N16: =IF(BA16="","",INT(BA16/60)&":"&TEXT(MOD(BA16,60),"00.00")) | O16: =IF(BB16="","",INT(BB16/60)&":"&TEXT(MOD(BB16,60),"00.00")) | P16: =IF(BC16="","",INT(BC16/60)&":"&TEXT(MOD(BC16,60),"00.00")) | Q16: =IF(BD16="","",INT(BD16/60)&":"&TEXT(MOD(BD16,60),"00.00")) | R16: =IF(OR(BB16="",BE16=""),"",(BB16-BE16)/BE16) | S16: =IF(OR(BA16="",BB16=""),"",BB16/(2*BA16)-1) | T16: =IF(OR(BB16="",BD16=""),"",BD16/(4*BB16)-1) | U16: =IF(OR(BC16="",BD16=""),"",INT(((BD16-BC16)/2)/60)&":"&TEXT(MOD((BD16-BC16)/2,60),"00.00")) | V16: =IF(BB16="","",ROUND(BB16,1)) | W16: =IF($A16="","",IFS(BB16="","Pas de T100 valide — Batterie A (T50 + T100).",AND(M16<>"",M16<=3),"Affutage (< 3 sem) — plus de test a fond. Allure de course.",AND(S16<>"",S16>0.1),"Vitesse OK, il casse sur 100 (lactique / pacing / technique).",AND(T16<>"",T16>0.12),"Manque aerobie / seuil — Batterie B (T200+T400) et series CSS.",AND(T16<>"",T16<0.06,S16<>"",S16<0.08),"Profil homogene — specificite d'allure vers la cible.",BA16="","Ajouter un T50 a la prochaine Batterie A.",TRUE,"Profil coherent. Voir consigne_charge pour deload / retest.")) | X16: =IF($A16="","",COUNTIFS(tblSeances[id_nageur],$A16,tblSeances[lundi],(TODAY()-WEEKDAY(TODAY(),3)),tblSeances[faite],"oui")&"/"&IFERROR(INDEX(tblNageurs[seances_sem],MATCH($A16,tblNageurs[id],0)),"")) | Y16: =IF($A16="","",SUMIFS(tblSeances[volume_m],tblSeances[id_nageur],$A16,tblSeances[lundi],(TODAY()-WEEKDAY(TODAY(),3)),tblSeances[faite],"oui")) | Z16: =IF($A16="","",TEXT(SUMIFS(tblSeances[volume_m],tblSeances[id_nageur],$A16,tblSeances[lundi],(TODAY()-WEEKDAY(TODAY(),3)),tblSeances[faite],"oui"),"0")&" / "&TEXT(SUMIFS(tblSeances[volume_m],tblSeances[id_nageur],$A16,tblSeances[lundi],(TODAY()-WEEKDAY(TODAY(),3))-7,tblSeances[faite],"oui"),"0")&" / "&TEXT(SUMIFS(tblSeances[volume_m],tblSeances[id_nageur],$A16,tblSeances[lundi],(TODAY()-WEEKDAY(TODAY(),3))-14,tblSeances[faite],"oui"),"0")) | AA16: =IF($A16="","",IFERROR(INDEX(FILTER(CHARGE!L$3:L$82,(CHARGE!A$3:A$82=$A16)*(CHARGE!B$3:B$82=(TODAY()-WEEKDAY(TODAY(),3)))),1),"")) | AB16: =IF($A16="","",IFERROR(INDEX(FILTER(CHARGE!M$3:M$82,(CHARGE!A$3:A$82=$A16)*(CHARGE!B$3:B$82=(TODAY()-WEEKDAY(TODAY(),3)))),1),"")) | AC16: =IF($A16="","",IFERROR(INDEX(FILTER(CHARGE!N$3:N$82,(CHARGE!A$3:A$82=$A16)*(CHARGE!B$3:B$82=(TODAY()-WEEKDAY(TODAY(),3)))),1),"")) | BA16: =IF($A16="","",IFERROR(INDEX(FILTER(tblTests[temps_sec],(tblTests[id_nageur]=$A16)*(tblTests[protocole]="T50")*(tblTests[nage]=$F16)*(tblTests[valide]="oui")*(tblTests[date]=MAXIFS(tblTests[date],tblTests[id_nageur],$A16,tblTests[protocole],"T50",tblTests[nage],$F16,tblTests[valide],"oui"))),1),"")) | BB16: =IF($A16="","",IFERROR(INDEX(FILTER(tblTests[temps_sec],(tblTests[id_nageur]=$A16)*(tblTests[protocole]="T100")*(tblTests[nage]=$F16)*(tblTests[valide]="oui")*(tblTests[date]=MAXIFS(tblTests[date],tblTests[id_nageur],$A16,tblTests[protocole],"T100",tblTests[nage],$F16,tblTests[valide],"oui"))),1),"")) | BC16: =IF($A16="","",IFERROR(INDEX(FILTER(tblTests[temps_sec],(tblTests[id_nageur]=$A16)*(tblTests[protocole]="T200")*(tblTests[nage]=$F16)*(tblTests[valide]="oui")*(tblTests[date]=MAXIFS(tblTests[date],tblTests[id_nageur],$A16,tblTests[protocole],"T200",tblTests[nage],$F16,tblTests[valide],"oui"))),1),"")) | BD16: =IF($A16="","",IFERROR(INDEX(FILTER(tblTests[temps_sec],(tblTests[id_nageur]=$A16)*(tblTests[protocole]="T400")*(tblTests[nage]=$F16)*(tblTests[valide]="oui")*(tblTests[date]=MAXIFS(tblTests[date],tblTests[id_nageur],$A16,tblTests[protocole],"T400",tblTests[nage],$F16,tblTests[valide],"oui"))),1),"")) | BE16: =IF($A16="","",IFERROR(INDEX(FILTER(tblTests[temps_sec],(tblTests[id_nageur]=$A16)*(tblTests[protocole]="T100")*(tblTests[nage]=$F16)*(tblTests[valide]="oui")*(tblTests[date]=IFERROR(LARGE(FILTER(tblTests[date],(tblTests[id_nageur]=$A16)*(tblTests[protocole]="T100")*(tblTests[nage]=$F16)*(tblTests[valide]="oui")),2),0))),1),"")) | BF16: =IF($A16="","",IFERROR(MAXIFS(tblTests[date],tblTests[id_nageur],$A16,tblTests[protocole],"T100",tblTests[nage],$F16,tblTests[valide],"oui"),""))
A17: =IFERROR(IF(INDEX(tblNageurs[id],15)="","",INDEX(tblNageurs[id],15)),"") | B17: =IF($A17="","",IFERROR(INDEX(tblNageurs[prenom],15),"")) | C17: =IF($A17="","",IFERROR(INDEX(tblNageurs[nom],15),"")) | D17: =IF($A17="","",IFERROR(INDEX(tblNageurs[niveau],15),"")) | E17: =IF($A17="","",IFERROR(INDEX(tblNageurs[statut],15),"")) | F17: =IF($A17="","",IF(OR($H17="dos",$H17="brasse",$H17="papillon"),$H17,"crawl")) | G17: =IF($A17="","",IFERROR(XLOOKUP($A17,tblObjectifs[cle_dashboard],tblObjectifs[discipline],""),"")) | H17: =IF($A17="","",IFERROR(XLOOKUP($A17,tblObjectifs[cle_dashboard],tblObjectifs[nage],""),"")) | I17: =IF($A17="","",IFERROR(XLOOKUP($A17,tblObjectifs[cle_dashboard],tblObjectifs[distance_m],""),"")) | J17: =IF($A17="","",IFERROR(XLOOKUP($A17,tblObjectifs[cle_dashboard],tblObjectifs[date_objectif],""),"")) | K17: =IF($A17="","",IFERROR(XLOOKUP($A17,tblObjectifs[cle_dashboard],tblObjectifs[lieu],""),"")) | L17: =IF($A17="","",IFERROR(XLOOKUP($A17,tblObjectifs[cle_dashboard],tblObjectifs[temps_cible],""),"")) | M17: =IF(OR($A17="",$J17=""),"",($J17-TODAY())/7) | N17: =IF(BA17="","",INT(BA17/60)&":"&TEXT(MOD(BA17,60),"00.00")) | O17: =IF(BB17="","",INT(BB17/60)&":"&TEXT(MOD(BB17,60),"00.00")) | P17: =IF(BC17="","",INT(BC17/60)&":"&TEXT(MOD(BC17,60),"00.00")) | Q17: =IF(BD17="","",INT(BD17/60)&":"&TEXT(MOD(BD17,60),"00.00")) | R17: =IF(OR(BB17="",BE17=""),"",(BB17-BE17)/BE17) | S17: =IF(OR(BA17="",BB17=""),"",BB17/(2*BA17)-1) | T17: =IF(OR(BB17="",BD17=""),"",BD17/(4*BB17)-1) | U17: =IF(OR(BC17="",BD17=""),"",INT(((BD17-BC17)/2)/60)&":"&TEXT(MOD((BD17-BC17)/2,60),"00.00")) | V17: =IF(BB17="","",ROUND(BB17,1)) | W17: =IF($A17="","",IFS(BB17="","Pas de T100 valide — Batterie A (T50 + T100).",AND(M17<>"",M17<=3),"Affutage (< 3 sem) — plus de test a fond. Allure de course.",AND(S17<>"",S17>0.1),"Vitesse OK, il casse sur 100 (lactique / pacing / technique).",AND(T17<>"",T17>0.12),"Manque aerobie / seuil — Batterie B (T200+T400) et series CSS.",AND(T17<>"",T17<0.06,S17<>"",S17<0.08),"Profil homogene — specificite d'allure vers la cible.",BA17="","Ajouter un T50 a la prochaine Batterie A.",TRUE,"Profil coherent. Voir consigne_charge pour deload / retest.")) | X17: =IF($A17="","",COUNTIFS(tblSeances[id_nageur],$A17,tblSeances[lundi],(TODAY()-WEEKDAY(TODAY(),3)),tblSeances[faite],"oui")&"/"&IFERROR(INDEX(tblNageurs[seances_sem],MATCH($A17,tblNageurs[id],0)),"")) | Y17: =IF($A17="","",SUMIFS(tblSeances[volume_m],tblSeances[id_nageur],$A17,tblSeances[lundi],(TODAY()-WEEKDAY(TODAY(),3)),tblSeances[faite],"oui")) | Z17: =IF($A17="","",TEXT(SUMIFS(tblSeances[volume_m],tblSeances[id_nageur],$A17,tblSeances[lundi],(TODAY()-WEEKDAY(TODAY(),3)),tblSeances[faite],"oui"),"0")&" / "&TEXT(SUMIFS(tblSeances[volume_m],tblSeances[id_nageur],$A17,tblSeances[lundi],(TODAY()-WEEKDAY(TODAY(),3))-7,tblSeances[faite],"oui"),"0")&" / "&TEXT(SUMIFS(tblSeances[volume_m],tblSeances[id_nageur],$A17,tblSeances[lundi],(TODAY()-WEEKDAY(TODAY(),3))-14,tblSeances[faite],"oui"),"0")) | AA17: =IF($A17="","",IFERROR(INDEX(FILTER(CHARGE!L$3:L$82,(CHARGE!A$3:A$82=$A17)*(CHARGE!B$3:B$82=(TODAY()-WEEKDAY(TODAY(),3)))),1),"")) | AB17: =IF($A17="","",IFERROR(INDEX(FILTER(CHARGE!M$3:M$82,(CHARGE!A$3:A$82=$A17)*(CHARGE!B$3:B$82=(TODAY()-WEEKDAY(TODAY(),3)))),1),"")) | AC17: =IF($A17="","",IFERROR(INDEX(FILTER(CHARGE!N$3:N$82,(CHARGE!A$3:A$82=$A17)*(CHARGE!B$3:B$82=(TODAY()-WEEKDAY(TODAY(),3)))),1),"")) | BA17: =IF($A17="","",IFERROR(INDEX(FILTER(tblTests[temps_sec],(tblTests[id_nageur]=$A17)*(tblTests[protocole]="T50")*(tblTests[nage]=$F17)*(tblTests[valide]="oui")*(tblTests[date]=MAXIFS(tblTests[date],tblTests[id_nageur],$A17,tblTests[protocole],"T50",tblTests[nage],$F17,tblTests[valide],"oui"))),1),"")) | BB17: =IF($A17="","",IFERROR(INDEX(FILTER(tblTests[temps_sec],(tblTests[id_nageur]=$A17)*(tblTests[protocole]="T100")*(tblTests[nage]=$F17)*(tblTests[valide]="oui")*(tblTests[date]=MAXIFS(tblTests[date],tblTests[id_nageur],$A17,tblTests[protocole],"T100",tblTests[nage],$F17,tblTests[valide],"oui"))),1),"")) | BC17: =IF($A17="","",IFERROR(INDEX(FILTER(tblTests[temps_sec],(tblTests[id_nageur]=$A17)*(tblTests[protocole]="T200")*(tblTests[nage]=$F17)*(tblTests[valide]="oui")*(tblTests[date]=MAXIFS(tblTests[date],tblTests[id_nageur],$A17,tblTests[protocole],"T200",tblTests[nage],$F17,tblTests[valide],"oui"))),1),"")) | BD17: =IF($A17="","",IFERROR(INDEX(FILTER(tblTests[temps_sec],(tblTests[id_nageur]=$A17)*(tblTests[protocole]="T400")*(tblTests[nage]=$F17)*(tblTests[valide]="oui")*(tblTests[date]=MAXIFS(tblTests[date],tblTests[id_nageur],$A17,tblTests[protocole],"T400",tblTests[nage],$F17,tblTests[valide],"oui"))),1),"")) | BE17: =IF($A17="","",IFERROR(INDEX(FILTER(tblTests[temps_sec],(tblTests[id_nageur]=$A17)*(tblTests[protocole]="T100")*(tblTests[nage]=$F17)*(tblTests[valide]="oui")*(tblTests[date]=IFERROR(LARGE(FILTER(tblTests[date],(tblTests[id_nageur]=$A17)*(tblTests[protocole]="T100")*(tblTests[nage]=$F17)*(tblTests[valide]="oui")),2),0))),1),"")) | BF17: =IF($A17="","",IFERROR(MAXIFS(tblTests[date],tblTests[id_nageur],$A17,tblTests[protocole],"T100",tblTests[nage],$F17,tblTests[valide],"oui"),""))
A18: =IFERROR(IF(INDEX(tblNageurs[id],16)="","",INDEX(tblNageurs[id],16)),"") | B18: =IF($A18="","",IFERROR(INDEX(tblNageurs[prenom],16),"")) | C18: =IF($A18="","",IFERROR(INDEX(tblNageurs[nom],16),"")) | D18: =IF($A18="","",IFERROR(INDEX(tblNageurs[niveau],16),"")) | E18: =IF($A18="","",IFERROR(INDEX(tblNageurs[statut],16),"")) | F18: =IF($A18="","",IF(OR($H18="dos",$H18="brasse",$H18="papillon"),$H18,"crawl")) | G18: =IF($A18="","",IFERROR(XLOOKUP($A18,tblObjectifs[cle_dashboard],tblObjectifs[discipline],""),"")) | H18: =IF($A18="","",IFERROR(XLOOKUP($A18,tblObjectifs[cle_dashboard],tblObjectifs[nage],""),"")) | I18: =IF($A18="","",IFERROR(XLOOKUP($A18,tblObjectifs[cle_dashboard],tblObjectifs[distance_m],""),"")) | J18: =IF($A18="","",IFERROR(XLOOKUP($A18,tblObjectifs[cle_dashboard],tblObjectifs[date_objectif],""),"")) | K18: =IF($A18="","",IFERROR(XLOOKUP($A18,tblObjectifs[cle_dashboard],tblObjectifs[lieu],""),"")) | L18: =IF($A18="","",IFERROR(XLOOKUP($A18,tblObjectifs[cle_dashboard],tblObjectifs[temps_cible],""),"")) | M18: =IF(OR($A18="",$J18=""),"",($J18-TODAY())/7) | N18: =IF(BA18="","",INT(BA18/60)&":"&TEXT(MOD(BA18,60),"00.00")) | O18: =IF(BB18="","",INT(BB18/60)&":"&TEXT(MOD(BB18,60),"00.00")) | P18: =IF(BC18="","",INT(BC18/60)&":"&TEXT(MOD(BC18,60),"00.00")) | Q18: =IF(BD18="","",INT(BD18/60)&":"&TEXT(MOD(BD18,60),"00.00")) | R18: =IF(OR(BB18="",BE18=""),"",(BB18-BE18)/BE18) | S18: =IF(OR(BA18="",BB18=""),"",BB18/(2*BA18)-1) | T18: =IF(OR(BB18="",BD18=""),"",BD18/(4*BB18)-1) | U18: =IF(OR(BC18="",BD18=""),"",INT(((BD18-BC18)/2)/60)&":"&TEXT(MOD((BD18-BC18)/2,60),"00.00")) | V18: =IF(BB18="","",ROUND(BB18,1)) | W18: =IF($A18="","",IFS(BB18="","Pas de T100 valide — Batterie A (T50 + T100).",AND(M18<>"",M18<=3),"Affutage (< 3 sem) — plus de test a fond. Allure de course.",AND(S18<>"",S18>0.1),"Vitesse OK, il casse sur 100 (lactique / pacing / technique).",AND(T18<>"",T18>0.12),"Manque aerobie / seuil — Batterie B (T200+T400) et series CSS.",AND(T18<>"",T18<0.06,S18<>"",S18<0.08),"Profil homogene — specificite d'allure vers la cible.",BA18="","Ajouter un T50 a la prochaine Batterie A.",TRUE,"Profil coherent. Voir consigne_charge pour deload / retest.")) | X18: =IF($A18="","",COUNTIFS(tblSeances[id_nageur],$A18,tblSeances[lundi],(TODAY()-WEEKDAY(TODAY(),3)),tblSeances[faite],"oui")&"/"&IFERROR(INDEX(tblNageurs[seances_sem],MATCH($A18,tblNageurs[id],0)),"")) | Y18: =IF($A18="","",SUMIFS(tblSeances[volume_m],tblSeances[id_nageur],$A18,tblSeances[lundi],(TODAY()-WEEKDAY(TODAY(),3)),tblSeances[faite],"oui")) | Z18: =IF($A18="","",TEXT(SUMIFS(tblSeances[volume_m],tblSeances[id_nageur],$A18,tblSeances[lundi],(TODAY()-WEEKDAY(TODAY(),3)),tblSeances[faite],"oui"),"0")&" / "&TEXT(SUMIFS(tblSeances[volume_m],tblSeances[id_nageur],$A18,tblSeances[lundi],(TODAY()-WEEKDAY(TODAY(),3))-7,tblSeances[faite],"oui"),"0")&" / "&TEXT(SUMIFS(tblSeances[volume_m],tblSeances[id_nageur],$A18,tblSeances[lundi],(TODAY()-WEEKDAY(TODAY(),3))-14,tblSeances[faite],"oui"),"0")) | AA18: =IF($A18="","",IFERROR(INDEX(FILTER(CHARGE!L$3:L$82,(CHARGE!A$3:A$82=$A18)*(CHARGE!B$3:B$82=(TODAY()-WEEKDAY(TODAY(),3)))),1),"")) | AB18: =IF($A18="","",IFERROR(INDEX(FILTER(CHARGE!M$3:M$82,(CHARGE!A$3:A$82=$A18)*(CHARGE!B$3:B$82=(TODAY()-WEEKDAY(TODAY(),3)))),1),"")) | AC18: =IF($A18="","",IFERROR(INDEX(FILTER(CHARGE!N$3:N$82,(CHARGE!A$3:A$82=$A18)*(CHARGE!B$3:B$82=(TODAY()-WEEKDAY(TODAY(),3)))),1),"")) | BA18: =IF($A18="","",IFERROR(INDEX(FILTER(tblTests[temps_sec],(tblTests[id_nageur]=$A18)*(tblTests[protocole]="T50")*(tblTests[nage]=$F18)*(tblTests[valide]="oui")*(tblTests[date]=MAXIFS(tblTests[date],tblTests[id_nageur],$A18,tblTests[protocole],"T50",tblTests[nage],$F18,tblTests[valide],"oui"))),1),"")) | BB18: =IF($A18="","",IFERROR(INDEX(FILTER(tblTests[temps_sec],(tblTests[id_nageur]=$A18)*(tblTests[protocole]="T100")*(tblTests[nage]=$F18)*(tblTests[valide]="oui")*(tblTests[date]=MAXIFS(tblTests[date],tblTests[id_nageur],$A18,tblTests[protocole],"T100",tblTests[nage],$F18,tblTests[valide],"oui"))),1),"")) | BC18: =IF($A18="","",IFERROR(INDEX(FILTER(tblTests[temps_sec],(tblTests[id_nageur]=$A18)*(tblTests[protocole]="T200")*(tblTests[nage]=$F18)*(tblTests[valide]="oui")*(tblTests[date]=MAXIFS(tblTests[date],tblTests[id_nageur],$A18,tblTests[protocole],"T200",tblTests[nage],$F18,tblTests[valide],"oui"))),1),"")) | BD18: =IF($A18="","",IFERROR(INDEX(FILTER(tblTests[temps_sec],(tblTests[id_nageur]=$A18)*(tblTests[protocole]="T400")*(tblTests[nage]=$F18)*(tblTests[valide]="oui")*(tblTests[date]=MAXIFS(tblTests[date],tblTests[id_nageur],$A18,tblTests[protocole],"T400",tblTests[nage],$F18,tblTests[valide],"oui"))),1),"")) | BE18: =IF($A18="","",IFERROR(INDEX(FILTER(tblTests[temps_sec],(tblTests[id_nageur]=$A18)*(tblTests[protocole]="T100")*(tblTests[nage]=$F18)*(tblTests[valide]="oui")*(tblTests[date]=IFERROR(LARGE(FILTER(tblTests[date],(tblTests[id_nageur]=$A18)*(tblTests[protocole]="T100")*(tblTests[nage]=$F18)*(tblTests[valide]="oui")),2),0))),1),"")) | BF18: =IF($A18="","",IFERROR(MAXIFS(tblTests[date],tblTests[id_nageur],$A18,tblTests[protocole],"T100",tblTests[nage],$F18,tblTests[valide],"oui"),""))
A19: =IFERROR(IF(INDEX(tblNageurs[id],17)="","",INDEX(tblNageurs[id],17)),"") | B19: =IF($A19="","",IFERROR(INDEX(tblNageurs[prenom],17),"")) | C19: =IF($A19="","",IFERROR(INDEX(tblNageurs[nom],17),"")) | D19: =IF($A19="","",IFERROR(INDEX(tblNageurs[niveau],17),"")) | E19: =IF($A19="","",IFERROR(INDEX(tblNageurs[statut],17),"")) | F19: =IF($A19="","",IF(OR($H19="dos",$H19="brasse",$H19="papillon"),$H19,"crawl")) | G19: =IF($A19="","",IFERROR(XLOOKUP($A19,tblObjectifs[cle_dashboard],tblObjectifs[discipline],""),"")) | H19: =IF($A19="","",IFERROR(XLOOKUP($A19,tblObjectifs[cle_dashboard],tblObjectifs[nage],""),"")) | I19: =IF($A19="","",IFERROR(XLOOKUP($A19,tblObjectifs[cle_dashboard],tblObjectifs[distance_m],""),"")) | J19: =IF($A19="","",IFERROR(XLOOKUP($A19,tblObjectifs[cle_dashboard],tblObjectifs[date_objectif],""),"")) | K19: =IF($A19="","",IFERROR(XLOOKUP($A19,tblObjectifs[cle_dashboard],tblObjectifs[lieu],""),"")) | L19: =IF($A19="","",IFERROR(XLOOKUP($A19,tblObjectifs[cle_dashboard],tblObjectifs[temps_cible],""),"")) | M19: =IF(OR($A19="",$J19=""),"",($J19-TODAY())/7) | N19: =IF(BA19="","",INT(BA19/60)&":"&TEXT(MOD(BA19,60),"00.00")) | O19: =IF(BB19="","",INT(BB19/60)&":"&TEXT(MOD(BB19,60),"00.00")) | P19: =IF(BC19="","",INT(BC19/60)&":"&TEXT(MOD(BC19,60),"00.00")) | Q19: =IF(BD19="","",INT(BD19/60)&":"&TEXT(MOD(BD19,60),"00.00")) | R19: =IF(OR(BB19="",BE19=""),"",(BB19-BE19)/BE19) | S19: =IF(OR(BA19="",BB19=""),"",BB19/(2*BA19)-1) | T19: =IF(OR(BB19="",BD19=""),"",BD19/(4*BB19)-1) | U19: =IF(OR(BC19="",BD19=""),"",INT(((BD19-BC19)/2)/60)&":"&TEXT(MOD((BD19-BC19)/2,60),"00.00")) | V19: =IF(BB19="","",ROUND(BB19,1)) | W19: =IF($A19="","",IFS(BB19="","Pas de T100 valide — Batterie A (T50 + T100).",AND(M19<>"",M19<=3),"Affutage (< 3 sem) — plus de test a fond. Allure de course.",AND(S19<>"",S19>0.1),"Vitesse OK, il casse sur 100 (lactique / pacing / technique).",AND(T19<>"",T19>0.12),"Manque aerobie / seuil — Batterie B (T200+T400) et series CSS.",AND(T19<>"",T19<0.06,S19<>"",S19<0.08),"Profil homogene — specificite d'allure vers la cible.",BA19="","Ajouter un T50 a la prochaine Batterie A.",TRUE,"Profil coherent. Voir consigne_charge pour deload / retest.")) | X19: =IF($A19="","",COUNTIFS(tblSeances[id_nageur],$A19,tblSeances[lundi],(TODAY()-WEEKDAY(TODAY(),3)),tblSeances[faite],"oui")&"/"&IFERROR(INDEX(tblNageurs[seances_sem],MATCH($A19,tblNageurs[id],0)),"")) | Y19: =IF($A19="","",SUMIFS(tblSeances[volume_m],tblSeances[id_nageur],$A19,tblSeances[lundi],(TODAY()-WEEKDAY(TODAY(),3)),tblSeances[faite],"oui")) | Z19: =IF($A19="","",TEXT(SUMIFS(tblSeances[volume_m],tblSeances[id_nageur],$A19,tblSeances[lundi],(TODAY()-WEEKDAY(TODAY(),3)),tblSeances[faite],"oui"),"0")&" / "&TEXT(SUMIFS(tblSeances[volume_m],tblSeances[id_nageur],$A19,tblSeances[lundi],(TODAY()-WEEKDAY(TODAY(),3))-7,tblSeances[faite],"oui"),"0")&" / "&TEXT(SUMIFS(tblSeances[volume_m],tblSeances[id_nageur],$A19,tblSeances[lundi],(TODAY()-WEEKDAY(TODAY(),3))-14,tblSeances[faite],"oui"),"0")) | AA19: =IF($A19="","",IFERROR(INDEX(FILTER(CHARGE!L$3:L$82,(CHARGE!A$3:A$82=$A19)*(CHARGE!B$3:B$82=(TODAY()-WEEKDAY(TODAY(),3)))),1),"")) | AB19: =IF($A19="","",IFERROR(INDEX(FILTER(CHARGE!M$3:M$82,(CHARGE!A$3:A$82=$A19)*(CHARGE!B$3:B$82=(TODAY()-WEEKDAY(TODAY(),3)))),1),"")) | AC19: =IF($A19="","",IFERROR(INDEX(FILTER(CHARGE!N$3:N$82,(CHARGE!A$3:A$82=$A19)*(CHARGE!B$3:B$82=(TODAY()-WEEKDAY(TODAY(),3)))),1),"")) | BA19: =IF($A19="","",IFERROR(INDEX(FILTER(tblTests[temps_sec],(tblTests[id_nageur]=$A19)*(tblTests[protocole]="T50")*(tblTests[nage]=$F19)*(tblTests[valide]="oui")*(tblTests[date]=MAXIFS(tblTests[date],tblTests[id_nageur],$A19,tblTests[protocole],"T50",tblTests[nage],$F19,tblTests[valide],"oui"))),1),"")) | BB19: =IF($A19="","",IFERROR(INDEX(FILTER(tblTests[temps_sec],(tblTests[id_nageur]=$A19)*(tblTests[protocole]="T100")*(tblTests[nage]=$F19)*(tblTests[valide]="oui")*(tblTests[date]=MAXIFS(tblTests[date],tblTests[id_nageur],$A19,tblTests[protocole],"T100",tblTests[nage],$F19,tblTests[valide],"oui"))),1),"")) | BC19: =IF($A19="","",IFERROR(INDEX(FILTER(tblTests[temps_sec],(tblTests[id_nageur]=$A19)*(tblTests[protocole]="T200")*(tblTests[nage]=$F19)*(tblTests[valide]="oui")*(tblTests[date]=MAXIFS(tblTests[date],tblTests[id_nageur],$A19,tblTests[protocole],"T200",tblTests[nage],$F19,tblTests[valide],"oui"))),1),"")) | BD19: =IF($A19="","",IFERROR(INDEX(FILTER(tblTests[temps_sec],(tblTests[id_nageur]=$A19)*(tblTests[protocole]="T400")*(tblTests[nage]=$F19)*(tblTests[valide]="oui")*(tblTests[date]=MAXIFS(tblTests[date],tblTests[id_nageur],$A19,tblTests[protocole],"T400",tblTests[nage],$F19,tblTests[valide],"oui"))),1),"")) | BE19: =IF($A19="","",IFERROR(INDEX(FILTER(tblTests[temps_sec],(tblTests[id_nageur]=$A19)*(tblTests[protocole]="T100")*(tblTests[nage]=$F19)*(tblTests[valide]="oui")*(tblTests[date]=IFERROR(LARGE(FILTER(tblTests[date],(tblTests[id_nageur]=$A19)*(tblTests[protocole]="T100")*(tblTests[nage]=$F19)*(tblTests[valide]="oui")),2),0))),1),"")) | BF19: =IF($A19="","",IFERROR(MAXIFS(tblTests[date],tblTests[id_nageur],$A19,tblTests[protocole],"T100",tblTests[nage],$F19,tblTests[valide],"oui"),""))
A20: =IFERROR(IF(INDEX(tblNageurs[id],18)="","",INDEX(tblNageurs[id],18)),"") | B20: =IF($A20="","",IFERROR(INDEX(tblNageurs[prenom],18),"")) | C20: =IF($A20="","",IFERROR(INDEX(tblNageurs[nom],18),"")) | D20: =IF($A20="","",IFERROR(INDEX(tblNageurs[niveau],18),"")) | E20: =IF($A20="","",IFERROR(INDEX(tblNageurs[statut],18),"")) | F20: =IF($A20="","",IF(OR($H20="dos",$H20="brasse",$H20="papillon"),$H20,"crawl")) | G20: =IF($A20="","",IFERROR(XLOOKUP($A20,tblObjectifs[cle_dashboard],tblObjectifs[discipline],""),"")) | H20: =IF($A20="","",IFERROR(XLOOKUP($A20,tblObjectifs[cle_dashboard],tblObjectifs[nage],""),"")) | I20: =IF($A20="","",IFERROR(XLOOKUP($A20,tblObjectifs[cle_dashboard],tblObjectifs[distance_m],""),"")) | J20: =IF($A20="","",IFERROR(XLOOKUP($A20,tblObjectifs[cle_dashboard],tblObjectifs[date_objectif],""),"")) | K20: =IF($A20="","",IFERROR(XLOOKUP($A20,tblObjectifs[cle_dashboard],tblObjectifs[lieu],""),"")) | L20: =IF($A20="","",IFERROR(XLOOKUP($A20,tblObjectifs[cle_dashboard],tblObjectifs[temps_cible],""),"")) | M20: =IF(OR($A20="",$J20=""),"",($J20-TODAY())/7) | N20: =IF(BA20="","",INT(BA20/60)&":"&TEXT(MOD(BA20,60),"00.00")) | O20: =IF(BB20="","",INT(BB20/60)&":"&TEXT(MOD(BB20,60),"00.00")) | P20: =IF(BC20="","",INT(BC20/60)&":"&TEXT(MOD(BC20,60),"00.00")) | Q20: =IF(BD20="","",INT(BD20/60)&":"&TEXT(MOD(BD20,60),"00.00")) | R20: =IF(OR(BB20="",BE20=""),"",(BB20-BE20)/BE20) | S20: =IF(OR(BA20="",BB20=""),"",BB20/(2*BA20)-1) | T20: =IF(OR(BB20="",BD20=""),"",BD20/(4*BB20)-1) | U20: =IF(OR(BC20="",BD20=""),"",INT(((BD20-BC20)/2)/60)&":"&TEXT(MOD((BD20-BC20)/2,60),"00.00")) | V20: =IF(BB20="","",ROUND(BB20,1)) | W20: =IF($A20="","",IFS(BB20="","Pas de T100 valide — Batterie A (T50 + T100).",AND(M20<>"",M20<=3),"Affutage (< 3 sem) — plus de test a fond. Allure de course.",AND(S20<>"",S20>0.1),"Vitesse OK, il casse sur 100 (lactique / pacing / technique).",AND(T20<>"",T20>0.12),"Manque aerobie / seuil — Batterie B (T200+T400) et series CSS.",AND(T20<>"",T20<0.06,S20<>"",S20<0.08),"Profil homogene — specificite d'allure vers la cible.",BA20="","Ajouter un T50 a la prochaine Batterie A.",TRUE,"Profil coherent. Voir consigne_charge pour deload / retest.")) | X20: =IF($A20="","",COUNTIFS(tblSeances[id_nageur],$A20,tblSeances[lundi],(TODAY()-WEEKDAY(TODAY(),3)),tblSeances[faite],"oui")&"/"&IFERROR(INDEX(tblNageurs[seances_sem],MATCH($A20,tblNageurs[id],0)),"")) | Y20: =IF($A20="","",SUMIFS(tblSeances[volume_m],tblSeances[id_nageur],$A20,tblSeances[lundi],(TODAY()-WEEKDAY(TODAY(),3)),tblSeances[faite],"oui")) | Z20: =IF($A20="","",TEXT(SUMIFS(tblSeances[volume_m],tblSeances[id_nageur],$A20,tblSeances[lundi],(TODAY()-WEEKDAY(TODAY(),3)),tblSeances[faite],"oui"),"0")&" / "&TEXT(SUMIFS(tblSeances[volume_m],tblSeances[id_nageur],$A20,tblSeances[lundi],(TODAY()-WEEKDAY(TODAY(),3))-7,tblSeances[faite],"oui"),"0")&" / "&TEXT(SUMIFS(tblSeances[volume_m],tblSeances[id_nageur],$A20,tblSeances[lundi],(TODAY()-WEEKDAY(TODAY(),3))-14,tblSeances[faite],"oui"),"0")) | AA20: =IF($A20="","",IFERROR(INDEX(FILTER(CHARGE!L$3:L$82,(CHARGE!A$3:A$82=$A20)*(CHARGE!B$3:B$82=(TODAY()-WEEKDAY(TODAY(),3)))),1),"")) | AB20: =IF($A20="","",IFERROR(INDEX(FILTER(CHARGE!M$3:M$82,(CHARGE!A$3:A$82=$A20)*(CHARGE!B$3:B$82=(TODAY()-WEEKDAY(TODAY(),3)))),1),"")) | AC20: =IF($A20="","",IFERROR(INDEX(FILTER(CHARGE!N$3:N$82,(CHARGE!A$3:A$82=$A20)*(CHARGE!B$3:B$82=(TODAY()-WEEKDAY(TODAY(),3)))),1),"")) | BA20: =IF($A20="","",IFERROR(INDEX(FILTER(tblTests[temps_sec],(tblTests[id_nageur]=$A20)*(tblTests[protocole]="T50")*(tblTests[nage]=$F20)*(tblTests[valide]="oui")*(tblTests[date]=MAXIFS(tblTests[date],tblTests[id_nageur],$A20,tblTests[protocole],"T50",tblTests[nage],$F20,tblTests[valide],"oui"))),1),"")) | BB20: =IF($A20="","",IFERROR(INDEX(FILTER(tblTests[temps_sec],(tblTests[id_nageur]=$A20)*(tblTests[protocole]="T100")*(tblTests[nage]=$F20)*(tblTests[valide]="oui")*(tblTests[date]=MAXIFS(tblTests[date],tblTests[id_nageur],$A20,tblTests[protocole],"T100",tblTests[nage],$F20,tblTests[valide],"oui"))),1),"")) | BC20: =IF($A20="","",IFERROR(INDEX(FILTER(tblTests[temps_sec],(tblTests[id_nageur]=$A20)*(tblTests[protocole]="T200")*(tblTests[nage]=$F20)*(tblTests[valide]="oui")*(tblTests[date]=MAXIFS(tblTests[date],tblTests[id_nageur],$A20,tblTests[protocole],"T200",tblTests[nage],$F20,tblTests[valide],"oui"))),1),"")) | BD20: =IF($A20="","",IFERROR(INDEX(FILTER(tblTests[temps_sec],(tblTests[id_nageur]=$A20)*(tblTests[protocole]="T400")*(tblTests[nage]=$F20)*(tblTests[valide]="oui")*(tblTests[date]=MAXIFS(tblTests[date],tblTests[id_nageur],$A20,tblTests[protocole],"T400",tblTests[nage],$F20,tblTests[valide],"oui"))),1),"")) | BE20: =IF($A20="","",IFERROR(INDEX(FILTER(tblTests[temps_sec],(tblTests[id_nageur]=$A20)*(tblTests[protocole]="T100")*(tblTests[nage]=$F20)*(tblTests[valide]="oui")*(tblTests[date]=IFERROR(LARGE(FILTER(tblTests[date],(tblTests[id_nageur]=$A20)*(tblTests[protocole]="T100")*(tblTests[nage]=$F20)*(tblTests[valide]="oui")),2),0))),1),"")) | BF20: =IF($A20="","",IFERROR(MAXIFS(tblTests[date],tblTests[id_nageur],$A20,tblTests[protocole],"T100",tblTests[nage],$F20,tblTests[valide],"oui"),""))
A21: =IFERROR(IF(INDEX(tblNageurs[id],19)="","",INDEX(tblNageurs[id],19)),"") | B21: =IF($A21="","",IFERROR(INDEX(tblNageurs[prenom],19),"")) | C21: =IF($A21="","",IFERROR(INDEX(tblNageurs[nom],19),"")) | D21: =IF($A21="","",IFERROR(INDEX(tblNageurs[niveau],19),"")) | E21: =IF($A21="","",IFERROR(INDEX(tblNageurs[statut],19),"")) | F21: =IF($A21="","",IF(OR($H21="dos",$H21="brasse",$H21="papillon"),$H21,"crawl")) | G21: =IF($A21="","",IFERROR(XLOOKUP($A21,tblObjectifs[cle_dashboard],tblObjectifs[discipline],""),"")) | H21: =IF($A21="","",IFERROR(XLOOKUP($A21,tblObjectifs[cle_dashboard],tblObjectifs[nage],""),"")) | I21: =IF($A21="","",IFERROR(XLOOKUP($A21,tblObjectifs[cle_dashboard],tblObjectifs[distance_m],""),"")) | J21: =IF($A21="","",IFERROR(XLOOKUP($A21,tblObjectifs[cle_dashboard],tblObjectifs[date_objectif],""),"")) | K21: =IF($A21="","",IFERROR(XLOOKUP($A21,tblObjectifs[cle_dashboard],tblObjectifs[lieu],""),"")) | L21: =IF($A21="","",IFERROR(XLOOKUP($A21,tblObjectifs[cle_dashboard],tblObjectifs[temps_cible],""),"")) | M21: =IF(OR($A21="",$J21=""),"",($J21-TODAY())/7) | N21: =IF(BA21="","",INT(BA21/60)&":"&TEXT(MOD(BA21,60),"00.00")) | O21: =IF(BB21="","",INT(BB21/60)&":"&TEXT(MOD(BB21,60),"00.00")) | P21: =IF(BC21="","",INT(BC21/60)&":"&TEXT(MOD(BC21,60),"00.00")) | Q21: =IF(BD21="","",INT(BD21/60)&":"&TEXT(MOD(BD21,60),"00.00")) | R21: =IF(OR(BB21="",BE21=""),"",(BB21-BE21)/BE21) | S21: =IF(OR(BA21="",BB21=""),"",BB21/(2*BA21)-1) | T21: =IF(OR(BB21="",BD21=""),"",BD21/(4*BB21)-1) | U21: =IF(OR(BC21="",BD21=""),"",INT(((BD21-BC21)/2)/60)&":"&TEXT(MOD((BD21-BC21)/2,60),"00.00")) | V21: =IF(BB21="","",ROUND(BB21,1)) | W21: =IF($A21="","",IFS(BB21="","Pas de T100 valide — Batterie A (T50 + T100).",AND(M21<>"",M21<=3),"Affutage (< 3 sem) — plus de test a fond. Allure de course.",AND(S21<>"",S21>0.1),"Vitesse OK, il casse sur 100 (lactique / pacing / technique).",AND(T21<>"",T21>0.12),"Manque aerobie / seuil — Batterie B (T200+T400) et series CSS.",AND(T21<>"",T21<0.06,S21<>"",S21<0.08),"Profil homogene — specificite d'allure vers la cible.",BA21="","Ajouter un T50 a la prochaine Batterie A.",TRUE,"Profil coherent. Voir consigne_charge pour deload / retest.")) | X21: =IF($A21="","",COUNTIFS(tblSeances[id_nageur],$A21,tblSeances[lundi],(TODAY()-WEEKDAY(TODAY(),3)),tblSeances[faite],"oui")&"/"&IFERROR(INDEX(tblNageurs[seances_sem],MATCH($A21,tblNageurs[id],0)),"")) | Y21: =IF($A21="","",SUMIFS(tblSeances[volume_m],tblSeances[id_nageur],$A21,tblSeances[lundi],(TODAY()-WEEKDAY(TODAY(),3)),tblSeances[faite],"oui")) | Z21: =IF($A21="","",TEXT(SUMIFS(tblSeances[volume_m],tblSeances[id_nageur],$A21,tblSeances[lundi],(TODAY()-WEEKDAY(TODAY(),3)),tblSeances[faite],"oui"),"0")&" / "&TEXT(SUMIFS(tblSeances[volume_m],tblSeances[id_nageur],$A21,tblSeances[lundi],(TODAY()-WEEKDAY(TODAY(),3))-7,tblSeances[faite],"oui"),"0")&" / "&TEXT(SUMIFS(tblSeances[volume_m],tblSeances[id_nageur],$A21,tblSeances[lundi],(TODAY()-WEEKDAY(TODAY(),3))-14,tblSeances[faite],"oui"),"0")) | AA21: =IF($A21="","",IFERROR(INDEX(FILTER(CHARGE!L$3:L$82,(CHARGE!A$3:A$82=$A21)*(CHARGE!B$3:B$82=(TODAY()-WEEKDAY(TODAY(),3)))),1),"")) | AB21: =IF($A21="","",IFERROR(INDEX(FILTER(CHARGE!M$3:M$82,(CHARGE!A$3:A$82=$A21)*(CHARGE!B$3:B$82=(TODAY()-WEEKDAY(TODAY(),3)))),1),"")) | AC21: =IF($A21="","",IFERROR(INDEX(FILTER(CHARGE!N$3:N$82,(CHARGE!A$3:A$82=$A21)*(CHARGE!B$3:B$82=(TODAY()-WEEKDAY(TODAY(),3)))),1),"")) | BA21: =IF($A21="","",IFERROR(INDEX(FILTER(tblTests[temps_sec],(tblTests[id_nageur]=$A21)*(tblTests[protocole]="T50")*(tblTests[nage]=$F21)*(tblTests[valide]="oui")*(tblTests[date]=MAXIFS(tblTests[date],tblTests[id_nageur],$A21,tblTests[protocole],"T50",tblTests[nage],$F21,tblTests[valide],"oui"))),1),"")) | BB21: =IF($A21="","",IFERROR(INDEX(FILTER(tblTests[temps_sec],(tblTests[id_nageur]=$A21)*(tblTests[protocole]="T100")*(tblTests[nage]=$F21)*(tblTests[valide]="oui")*(tblTests[date]=MAXIFS(tblTests[date],tblTests[id_nageur],$A21,tblTests[protocole],"T100",tblTests[nage],$F21,tblTests[valide],"oui"))),1),"")) | BC21: =IF($A21="","",IFERROR(INDEX(FILTER(tblTests[temps_sec],(tblTests[id_nageur]=$A21)*(tblTests[protocole]="T200")*(tblTests[nage]=$F21)*(tblTests[valide]="oui")*(tblTests[date]=MAXIFS(tblTests[date],tblTests[id_nageur],$A21,tblTests[protocole],"T200",tblTests[nage],$F21,tblTests[valide],"oui"))),1),"")) | BD21: =IF($A21="","",IFERROR(INDEX(FILTER(tblTests[temps_sec],(tblTests[id_nageur]=$A21)*(tblTests[protocole]="T400")*(tblTests[nage]=$F21)*(tblTests[valide]="oui")*(tblTests[date]=MAXIFS(tblTests[date],tblTests[id_nageur],$A21,tblTests[protocole],"T400",tblTests[nage],$F21,tblTests[valide],"oui"))),1),"")) | BE21: =IF($A21="","",IFERROR(INDEX(FILTER(tblTests[temps_sec],(tblTests[id_nageur]=$A21)*(tblTests[protocole]="T100")*(tblTests[nage]=$F21)*(tblTests[valide]="oui")*(tblTests[date]=IFERROR(LARGE(FILTER(tblTests[date],(tblTests[id_nageur]=$A21)*(tblTests[protocole]="T100")*(tblTests[nage]=$F21)*(tblTests[valide]="oui")),2),0))),1),"")) | BF21: =IF($A21="","",IFERROR(MAXIFS(tblTests[date],tblTests[id_nageur],$A21,tblTests[protocole],"T100",tblTests[nage],$F21,tblTests[valide],"oui"),""))
A22: =IFERROR(IF(INDEX(tblNageurs[id],20)="","",INDEX(tblNageurs[id],20)),"") | B22: =IF($A22="","",IFERROR(INDEX(tblNageurs[prenom],20),"")) | C22: =IF($A22="","",IFERROR(INDEX(tblNageurs[nom],20),"")) | D22: =IF($A22="","",IFERROR(INDEX(tblNageurs[niveau],20),"")) | E22: =IF($A22="","",IFERROR(INDEX(tblNageurs[statut],20),"")) | F22: =IF($A22="","",IF(OR($H22="dos",$H22="brasse",$H22="papillon"),$H22,"crawl")) | G22: =IF($A22="","",IFERROR(XLOOKUP($A22,tblObjectifs[cle_dashboard],tblObjectifs[discipline],""),"")) | H22: =IF($A22="","",IFERROR(XLOOKUP($A22,tblObjectifs[cle_dashboard],tblObjectifs[nage],""),"")) | I22: =IF($A22="","",IFERROR(XLOOKUP($A22,tblObjectifs[cle_dashboard],tblObjectifs[distance_m],""),"")) | J22: =IF($A22="","",IFERROR(XLOOKUP($A22,tblObjectifs[cle_dashboard],tblObjectifs[date_objectif],""),"")) | K22: =IF($A22="","",IFERROR(XLOOKUP($A22,tblObjectifs[cle_dashboard],tblObjectifs[lieu],""),"")) | L22: =IF($A22="","",IFERROR(XLOOKUP($A22,tblObjectifs[cle_dashboard],tblObjectifs[temps_cible],""),"")) | M22: =IF(OR($A22="",$J22=""),"",($J22-TODAY())/7) | N22: =IF(BA22="","",INT(BA22/60)&":"&TEXT(MOD(BA22,60),"00.00")) | O22: =IF(BB22="","",INT(BB22/60)&":"&TEXT(MOD(BB22,60),"00.00")) | P22: =IF(BC22="","",INT(BC22/60)&":"&TEXT(MOD(BC22,60),"00.00")) | Q22: =IF(BD22="","",INT(BD22/60)&":"&TEXT(MOD(BD22,60),"00.00")) | R22: =IF(OR(BB22="",BE22=""),"",(BB22-BE22)/BE22) | S22: =IF(OR(BA22="",BB22=""),"",BB22/(2*BA22)-1) | T22: =IF(OR(BB22="",BD22=""),"",BD22/(4*BB22)-1) | U22: =IF(OR(BC22="",BD22=""),"",INT(((BD22-BC22)/2)/60)&":"&TEXT(MOD((BD22-BC22)/2,60),"00.00")) | V22: =IF(BB22="","",ROUND(BB22,1)) | W22: =IF($A22="","",IFS(BB22="","Pas de T100 valide — Batterie A (T50 + T100).",AND(M22<>"",M22<=3),"Affutage (< 3 sem) — plus de test a fond. Allure de course.",AND(S22<>"",S22>0.1),"Vitesse OK, il casse sur 100 (lactique / pacing / technique).",AND(T22<>"",T22>0.12),"Manque aerobie / seuil — Batterie B (T200+T400) et series CSS.",AND(T22<>"",T22<0.06,S22<>"",S22<0.08),"Profil homogene — specificite d'allure vers la cible.",BA22="","Ajouter un T50 a la prochaine Batterie A.",TRUE,"Profil coherent. Voir consigne_charge pour deload / retest.")) | X22: =IF($A22="","",COUNTIFS(tblSeances[id_nageur],$A22,tblSeances[lundi],(TODAY()-WEEKDAY(TODAY(),3)),tblSeances[faite],"oui")&"/"&IFERROR(INDEX(tblNageurs[seances_sem],MATCH($A22,tblNageurs[id],0)),"")) | Y22: =IF($A22="","",SUMIFS(tblSeances[volume_m],tblSeances[id_nageur],$A22,tblSeances[lundi],(TODAY()-WEEKDAY(TODAY(),3)),tblSeances[faite],"oui")) | Z22: =IF($A22="","",TEXT(SUMIFS(tblSeances[volume_m],tblSeances[id_nageur],$A22,tblSeances[lundi],(TODAY()-WEEKDAY(TODAY(),3)),tblSeances[faite],"oui"),"0")&" / "&TEXT(SUMIFS(tblSeances[volume_m],tblSeances[id_nageur],$A22,tblSeances[lundi],(TODAY()-WEEKDAY(TODAY(),3))-7,tblSeances[faite],"oui"),"0")&" / "&TEXT(SUMIFS(tblSeances[volume_m],tblSeances[id_nageur],$A22,tblSeances[lundi],(TODAY()-WEEKDAY(TODAY(),3))-14,tblSeances[faite],"oui"),"0")) | AA22: =IF($A22="","",IFERROR(INDEX(FILTER(CHARGE!L$3:L$82,(CHARGE!A$3:A$82=$A22)*(CHARGE!B$3:B$82=(TODAY()-WEEKDAY(TODAY(),3)))),1),"")) | AB22: =IF($A22="","",IFERROR(INDEX(FILTER(CHARGE!M$3:M$82,(CHARGE!A$3:A$82=$A22)*(CHARGE!B$3:B$82=(TODAY()-WEEKDAY(TODAY(),3)))),1),"")) | AC22: =IF($A22="","",IFERROR(INDEX(FILTER(CHARGE!N$3:N$82,(CHARGE!A$3:A$82=$A22)*(CHARGE!B$3:B$82=(TODAY()-WEEKDAY(TODAY(),3)))),1),"")) | BA22: =IF($A22="","",IFERROR(INDEX(FILTER(tblTests[temps_sec],(tblTests[id_nageur]=$A22)*(tblTests[protocole]="T50")*(tblTests[nage]=$F22)*(tblTests[valide]="oui")*(tblTests[date]=MAXIFS(tblTests[date],tblTests[id_nageur],$A22,tblTests[protocole],"T50",tblTests[nage],$F22,tblTests[valide],"oui"))),1),"")) | BB22: =IF($A22="","",IFERROR(INDEX(FILTER(tblTests[temps_sec],(tblTests[id_nageur]=$A22)*(tblTests[protocole]="T100")*(tblTests[nage]=$F22)*(tblTests[valide]="oui")*(tblTests[date]=MAXIFS(tblTests[date],tblTests[id_nageur],$A22,tblTests[protocole],"T100",tblTests[nage],$F22,tblTests[valide],"oui"))),1),"")) | BC22: =IF($A22="","",IFERROR(INDEX(FILTER(tblTests[temps_sec],(tblTests[id_nageur]=$A22)*(tblTests[protocole]="T200")*(tblTests[nage]=$F22)*(tblTests[valide]="oui")*(tblTests[date]=MAXIFS(tblTests[date],tblTests[id_nageur],$A22,tblTests[protocole],"T200",tblTests[nage],$F22,tblTests[valide],"oui"))),1),"")) | BD22: =IF($A22="","",IFERROR(INDEX(FILTER(tblTests[temps_sec],(tblTests[id_nageur]=$A22)*(tblTests[protocole]="T400")*(tblTests[nage]=$F22)*(tblTests[valide]="oui")*(tblTests[date]=MAXIFS(tblTests[date],tblTests[id_nageur],$A22,tblTests[protocole],"T400",tblTests[nage],$F22,tblTests[valide],"oui"))),1),"")) | BE22: =IF($A22="","",IFERROR(INDEX(FILTER(tblTests[temps_sec],(tblTests[id_nageur]=$A22)*(tblTests[protocole]="T100")*(tblTests[nage]=$F22)*(tblTests[valide]="oui")*(tblTests[date]=IFERROR(LARGE(FILTER(tblTests[date],(tblTests[id_nageur]=$A22)*(tblTests[protocole]="T100")*(tblTests[nage]=$F22)*(tblTests[valide]="oui")),2),0))),1),"")) | BF22: =IF($A22="","",IFERROR(MAXIFS(tblTests[date],tblTests[id_nageur],$A22,tblTests[protocole],"T100",tblTests[nage],$F22,tblTests[valide],"oui"),""))
A23: =IFERROR(IF(INDEX(tblNageurs[id],21)="","",INDEX(tblNageurs[id],21)),"") | B23: =IF($A23="","",IFERROR(INDEX(tblNageurs[prenom],21),"")) | C23: =IF($A23="","",IFERROR(INDEX(tblNageurs[nom],21),"")) | D23: =IF($A23="","",IFERROR(INDEX(tblNageurs[niveau],21),"")) | E23: =IF($A23="","",IFERROR(INDEX(tblNageurs[statut],21),"")) | F23: =IF($A23="","",IF(OR($H23="dos",$H23="brasse",$H23="papillon"),$H23,"crawl")) | G23: =IF($A23="","",IFERROR(XLOOKUP($A23,tblObjectifs[cle_dashboard],tblObjectifs[discipline],""),"")) | H23: =IF($A23="","",IFERROR(XLOOKUP($A23,tblObjectifs[cle_dashboard],tblObjectifs[nage],""),"")) | I23: =IF($A23="","",IFERROR(XLOOKUP($A23,tblObjectifs[cle_dashboard],tblObjectifs[distance_m],""),"")) | J23: =IF($A23="","",IFERROR(XLOOKUP($A23,tblObjectifs[cle_dashboard],tblObjectifs[date_objectif],""),"")) | K23: =IF($A23="","",IFERROR(XLOOKUP($A23,tblObjectifs[cle_dashboard],tblObjectifs[lieu],""),"")) | L23: =IF($A23="","",IFERROR(XLOOKUP($A23,tblObjectifs[cle_dashboard],tblObjectifs[temps_cible],""),"")) | M23: =IF(OR($A23="",$J23=""),"",($J23-TODAY())/7) | N23: =IF(BA23="","",INT(BA23/60)&":"&TEXT(MOD(BA23,60),"00.00")) | O23: =IF(BB23="","",INT(BB23/60)&":"&TEXT(MOD(BB23,60),"00.00")) | P23: =IF(BC23="","",INT(BC23/60)&":"&TEXT(MOD(BC23,60),"00.00")) | Q23: =IF(BD23="","",INT(BD23/60)&":"&TEXT(MOD(BD23,60),"00.00")) | R23: =IF(OR(BB23="",BE23=""),"",(BB23-BE23)/BE23) | S23: =IF(OR(BA23="",BB23=""),"",BB23/(2*BA23)-1) | T23: =IF(OR(BB23="",BD23=""),"",BD23/(4*BB23)-1) | U23: =IF(OR(BC23="",BD23=""),"",INT(((BD23-BC23)/2)/60)&":"&TEXT(MOD((BD23-BC23)/2,60),"00.00")) | V23: =IF(BB23="","",ROUND(BB23,1)) | W23: =IF($A23="","",IFS(BB23="","Pas de T100 valide — Batterie A (T50 + T100).",AND(M23<>"",M23<=3),"Affutage (< 3 sem) — plus de test a fond. Allure de course.",AND(S23<>"",S23>0.1),"Vitesse OK, il casse sur 100 (lactique / pacing / technique).",AND(T23<>"",T23>0.12),"Manque aerobie / seuil — Batterie B (T200+T400) et series CSS.",AND(T23<>"",T23<0.06,S23<>"",S23<0.08),"Profil homogene — specificite d'allure vers la cible.",BA23="","Ajouter un T50 a la prochaine Batterie A.",TRUE,"Profil coherent. Voir consigne_charge pour deload / retest.")) | X23: =IF($A23="","",COUNTIFS(tblSeances[id_nageur],$A23,tblSeances[lundi],(TODAY()-WEEKDAY(TODAY(),3)),tblSeances[faite],"oui")&"/"&IFERROR(INDEX(tblNageurs[seances_sem],MATCH($A23,tblNageurs[id],0)),"")) | Y23: =IF($A23="","",SUMIFS(tblSeances[volume_m],tblSeances[id_nageur],$A23,tblSeances[lundi],(TODAY()-WEEKDAY(TODAY(),3)),tblSeances[faite],"oui")) | Z23: =IF($A23="","",TEXT(SUMIFS(tblSeances[volume_m],tblSeances[id_nageur],$A23,tblSeances[lundi],(TODAY()-WEEKDAY(TODAY(),3)),tblSeances[faite],"oui"),"0")&" / "&TEXT(SUMIFS(tblSeances[volume_m],tblSeances[id_nageur],$A23,tblSeances[lundi],(TODAY()-WEEKDAY(TODAY(),3))-7,tblSeances[faite],"oui"),"0")&" / "&TEXT(SUMIFS(tblSeances[volume_m],tblSeances[id_nageur],$A23,tblSeances[lundi],(TODAY()-WEEKDAY(TODAY(),3))-14,tblSeances[faite],"oui"),"0")) | AA23: =IF($A23="","",IFERROR(INDEX(FILTER(CHARGE!L$3:L$82,(CHARGE!A$3:A$82=$A23)*(CHARGE!B$3:B$82=(TODAY()-WEEKDAY(TODAY(),3)))),1),"")) | AB23: =IF($A23="","",IFERROR(INDEX(FILTER(CHARGE!M$3:M$82,(CHARGE!A$3:A$82=$A23)*(CHARGE!B$3:B$82=(TODAY()-WEEKDAY(TODAY(),3)))),1),"")) | AC23: =IF($A23="","",IFERROR(INDEX(FILTER(CHARGE!N$3:N$82,(CHARGE!A$3:A$82=$A23)*(CHARGE!B$3:B$82=(TODAY()-WEEKDAY(TODAY(),3)))),1),"")) | BA23: =IF($A23="","",IFERROR(INDEX(FILTER(tblTests[temps_sec],(tblTests[id_nageur]=$A23)*(tblTests[protocole]="T50")*(tblTests[nage]=$F23)*(tblTests[valide]="oui")*(tblTests[date]=MAXIFS(tblTests[date],tblTests[id_nageur],$A23,tblTests[protocole],"T50",tblTests[nage],$F23,tblTests[valide],"oui"))),1),"")) | BB23: =IF($A23="","",IFERROR(INDEX(FILTER(tblTests[temps_sec],(tblTests[id_nageur]=$A23)*(tblTests[protocole]="T100")*(tblTests[nage]=$F23)*(tblTests[valide]="oui")*(tblTests[date]=MAXIFS(tblTests[date],tblTests[id_nageur],$A23,tblTests[protocole],"T100",tblTests[nage],$F23,tblTests[valide],"oui"))),1),"")) | BC23: =IF($A23="","",IFERROR(INDEX(FILTER(tblTests[temps_sec],(tblTests[id_nageur]=$A23)*(tblTests[protocole]="T200")*(tblTests[nage]=$F23)*(tblTests[valide]="oui")*(tblTests[date]=MAXIFS(tblTests[date],tblTests[id_nageur],$A23,tblTests[protocole],"T200",tblTests[nage],$F23,tblTests[valide],"oui"))),1),"")) | BD23: =IF($A23="","",IFERROR(INDEX(FILTER(tblTests[temps_sec],(tblTests[id_nageur]=$A23)*(tblTests[protocole]="T400")*(tblTests[nage]=$F23)*(tblTests[valide]="oui")*(tblTests[date]=MAXIFS(tblTests[date],tblTests[id_nageur],$A23,tblTests[protocole],"T400",tblTests[nage],$F23,tblTests[valide],"oui"))),1),"")) | BE23: =IF($A23="","",IFERROR(INDEX(FILTER(tblTests[temps_sec],(tblTests[id_nageur]=$A23)*(tblTests[protocole]="T100")*(tblTests[nage]=$F23)*(tblTests[valide]="oui")*(tblTests[date]=IFERROR(LARGE(FILTER(tblTests[date],(tblTests[id_nageur]=$A23)*(tblTests[protocole]="T100")*(tblTests[nage]=$F23)*(tblTests[valide]="oui")),2),0))),1),"")) | BF23: =IF($A23="","",IFERROR(MAXIFS(tblTests[date],tblTests[id_nageur],$A23,tblTests[protocole],"T100",tblTests[nage],$F23,tblTests[valide],"oui"),""))
A24: =IFERROR(IF(INDEX(tblNageurs[id],22)="","",INDEX(tblNageurs[id],22)),"") | B24: =IF($A24="","",IFERROR(INDEX(tblNageurs[prenom],22),"")) | C24: =IF($A24="","",IFERROR(INDEX(tblNageurs[nom],22),"")) | D24: =IF($A24="","",IFERROR(INDEX(tblNageurs[niveau],22),"")) | E24: =IF($A24="","",IFERROR(INDEX(tblNageurs[statut],22),"")) | F24: =IF($A24="","",IF(OR($H24="dos",$H24="brasse",$H24="papillon"),$H24,"crawl")) | G24: =IF($A24="","",IFERROR(XLOOKUP($A24,tblObjectifs[cle_dashboard],tblObjectifs[discipline],""),"")) | H24: =IF($A24="","",IFERROR(XLOOKUP($A24,tblObjectifs[cle_dashboard],tblObjectifs[nage],""),"")) | I24: =IF($A24="","",IFERROR(XLOOKUP($A24,tblObjectifs[cle_dashboard],tblObjectifs[distance_m],""),"")) | J24: =IF($A24="","",IFERROR(XLOOKUP($A24,tblObjectifs[cle_dashboard],tblObjectifs[date_objectif],""),"")) | K24: =IF($A24="","",IFERROR(XLOOKUP($A24,tblObjectifs[cle_dashboard],tblObjectifs[lieu],""),"")) | L24: =IF($A24="","",IFERROR(XLOOKUP($A24,tblObjectifs[cle_dashboard],tblObjectifs[temps_cible],""),"")) | M24: =IF(OR($A24="",$J24=""),"",($J24-TODAY())/7) | N24: =IF(BA24="","",INT(BA24/60)&":"&TEXT(MOD(BA24,60),"00.00")) | O24: =IF(BB24="","",INT(BB24/60)&":"&TEXT(MOD(BB24,60),"00.00")) | P24: =IF(BC24="","",INT(BC24/60)&":"&TEXT(MOD(BC24,60),"00.00")) | Q24: =IF(BD24="","",INT(BD24/60)&":"&TEXT(MOD(BD24,60),"00.00")) | R24: =IF(OR(BB24="",BE24=""),"",(BB24-BE24)/BE24) | S24: =IF(OR(BA24="",BB24=""),"",BB24/(2*BA24)-1) | T24: =IF(OR(BB24="",BD24=""),"",BD24/(4*BB24)-1) | U24: =IF(OR(BC24="",BD24=""),"",INT(((BD24-BC24)/2)/60)&":"&TEXT(MOD((BD24-BC24)/2,60),"00.00")) | V24: =IF(BB24="","",ROUND(BB24,1)) | W24: =IF($A24="","",IFS(BB24="","Pas de T100 valide — Batterie A (T50 + T100).",AND(M24<>"",M24<=3),"Affutage (< 3 sem) — plus de test a fond. Allure de course.",AND(S24<>"",S24>0.1),"Vitesse OK, il casse sur 100 (lactique / pacing / technique).",AND(T24<>"",T24>0.12),"Manque aerobie / seuil — Batterie B (T200+T400) et series CSS.",AND(T24<>"",T24<0.06,S24<>"",S24<0.08),"Profil homogene — specificite d'allure vers la cible.",BA24="","Ajouter un T50 a la prochaine Batterie A.",TRUE,"Profil coherent. Voir consigne_charge pour deload / retest.")) | X24: =IF($A24="","",COUNTIFS(tblSeances[id_nageur],$A24,tblSeances[lundi],(TODAY()-WEEKDAY(TODAY(),3)),tblSeances[faite],"oui")&"/"&IFERROR(INDEX(tblNageurs[seances_sem],MATCH($A24,tblNageurs[id],0)),"")) | Y24: =IF($A24="","",SUMIFS(tblSeances[volume_m],tblSeances[id_nageur],$A24,tblSeances[lundi],(TODAY()-WEEKDAY(TODAY(),3)),tblSeances[faite],"oui")) | Z24: =IF($A24="","",TEXT(SUMIFS(tblSeances[volume_m],tblSeances[id_nageur],$A24,tblSeances[lundi],(TODAY()-WEEKDAY(TODAY(),3)),tblSeances[faite],"oui"),"0")&" / "&TEXT(SUMIFS(tblSeances[volume_m],tblSeances[id_nageur],$A24,tblSeances[lundi],(TODAY()-WEEKDAY(TODAY(),3))-7,tblSeances[faite],"oui"),"0")&" / "&TEXT(SUMIFS(tblSeances[volume_m],tblSeances[id_nageur],$A24,tblSeances[lundi],(TODAY()-WEEKDAY(TODAY(),3))-14,tblSeances[faite],"oui"),"0")) | AA24: =IF($A24="","",IFERROR(INDEX(FILTER(CHARGE!L$3:L$82,(CHARGE!A$3:A$82=$A24)*(CHARGE!B$3:B$82=(TODAY()-WEEKDAY(TODAY(),3)))),1),"")) | AB24: =IF($A24="","",IFERROR(INDEX(FILTER(CHARGE!M$3:M$82,(CHARGE!A$3:A$82=$A24)*(CHARGE!B$3:B$82=(TODAY()-WEEKDAY(TODAY(),3)))),1),"")) | AC24: =IF($A24="","",IFERROR(INDEX(FILTER(CHARGE!N$3:N$82,(CHARGE!A$3:A$82=$A24)*(CHARGE!B$3:B$82=(TODAY()-WEEKDAY(TODAY(),3)))),1),"")) | BA24: =IF($A24="","",IFERROR(INDEX(FILTER(tblTests[temps_sec],(tblTests[id_nageur]=$A24)*(tblTests[protocole]="T50")*(tblTests[nage]=$F24)*(tblTests[valide]="oui")*(tblTests[date]=MAXIFS(tblTests[date],tblTests[id_nageur],$A24,tblTests[protocole],"T50",tblTests[nage],$F24,tblTests[valide],"oui"))),1),"")) | BB24: =IF($A24="","",IFERROR(INDEX(FILTER(tblTests[temps_sec],(tblTests[id_nageur]=$A24)*(tblTests[protocole]="T100")*(tblTests[nage]=$F24)*(tblTests[valide]="oui")*(tblTests[date]=MAXIFS(tblTests[date],tblTests[id_nageur],$A24,tblTests[protocole],"T100",tblTests[nage],$F24,tblTests[valide],"oui"))),1),"")) | BC24: =IF($A24="","",IFERROR(INDEX(FILTER(tblTests[temps_sec],(tblTests[id_nageur]=$A24)*(tblTests[protocole]="T200")*(tblTests[nage]=$F24)*(tblTests[valide]="oui")*(tblTests[date]=MAXIFS(tblTests[date],tblTests[id_nageur],$A24,tblTests[protocole],"T200",tblTests[nage],$F24,tblTests[valide],"oui"))),1),"")) | BD24: =IF($A24="","",IFERROR(INDEX(FILTER(tblTests[temps_sec],(tblTests[id_nageur]=$A24)*(tblTests[protocole]="T400")*(tblTests[nage]=$F24)*(tblTests[valide]="oui")*(tblTests[date]=MAXIFS(tblTests[date],tblTests[id_nageur],$A24,tblTests[protocole],"T400",tblTests[nage],$F24,tblTests[valide],"oui"))),1),"")) | BE24: =IF($A24="","",IFERROR(INDEX(FILTER(tblTests[temps_sec],(tblTests[id_nageur]=$A24)*(tblTests[protocole]="T100")*(tblTests[nage]=$F24)*(tblTests[valide]="oui")*(tblTests[date]=IFERROR(LARGE(FILTER(tblTests[date],(tblTests[id_nageur]=$A24)*(tblTests[protocole]="T100")*(tblTests[nage]=$F24)*(tblTests[valide]="oui")),2),0))),1),"")) | BF24: =IF($A24="","",IFERROR(MAXIFS(tblTests[date],tblTests[id_nageur],$A24,tblTests[protocole],"T100",tblTests[nage],$F24,tblTests[valide],"oui"),""))
A26: Δ T100 vert = progrès. Drop 100/50 > 10 % ou 400/100 > 12 % = levier. Deload due = alléger cette semaine. tester_A / tester_B = retest (jamais pendant deload). Détail semaine par semaine dans CHARGE. Exemples N001–N003 à remplacer.

Sheet NAGEURS
A1: id | B1: prenom | C1: nom | D1: annee_nais | E1: sexe | F1: tel | G1: mail | H1: cadre | I1: bassin | J1: seances_sem | K1: niveau | L1: materiel | M1: blessure | N1: note_contrainte | O1: statut | P1: notes
A2: N001 | B2: Lea | C2: Martin | D2: 1998 | E2: F | H2: perso | I2: 25 | J2: 3 | K2: sportif | L2: pull, palmes | M2: non | O2: actif | P2: EXEMPLE — 100 NL club
A3: N002 | B3: Thomas | C3: Bernard | D3: 1992 | E3: H | H3: perso | I3: 50 | J3: 5 | K3: performance | L3: plaquettes, tuba | M3: non | O3: actif | P3: EXEMPLE — 400 NL
A4: N003 | B4: Ines | C4: Moreau | D4: 2001 | E4: F | H4: perso | I4: 25 | J4: 3 | K4: regulier | L4: pull | M4: non | N4: Genou sensible | O4: actif | P4: EXEMPLE — triathlon 1900

Sheet OBJECTIFS
A1: id_objectif | B1: id_nageur | C1: discipline | D1: nage | E1: distance_m | F1: date_objectif | G1: lieu | H1: bassin_lieu | I1: temps_cible | J1: temps_cible_sec | K1: priorite | L1: statut | M1: notes | N1: cle_dashboard
A2: O001 | B2: N001 | C2: course_piscine | D2: crawl | E2: 100 | F2: 46313 | G2: Meeting club — Lyon | H2: 25 | I2: 1:12.00 | J2: =IF(I2="","",IF(ISNUMBER(I2),IF(I2<1,I2*86400,I2),IF(ISNUMBER(FIND(":",I2)),VALUE(LEFT(I2,FIND(":",I2)-1))*60+VALUE(SUBSTITUTE(MID(I2,FIND(":",I2)+1,20),",",".")),VALUE(SUBSTITUTE(I2,",","."))))) | K2: A | L2: en_cours | M2: Premier 100 officiel | N2: =IF(AND(K2="A",L2="en_cours"),B2,"")
A3: O002 | B3: N002 | C3: course_piscine | D3: crawl | E3: 400 | F3: 46362 | G3: Championnats maitres — Paris | H3: 50 | I3: 5:05.00 | J3: =IF(I3="","",IF(ISNUMBER(I3),IF(I3<1,I3*86400,I3),IF(ISNUMBER(FIND(":",I3)),VALUE(LEFT(I3,FIND(":",I3)-1))*60+VALUE(SUBSTITUTE(MID(I3,FIND(":",I3)+1,20),",",".")),VALUE(SUBSTITUTE(I3,",","."))))) | K3: A | L3: en_cours | N3: =IF(AND(K3="A",L3="en_cours"),B3,"")
A4: O003 | B4: N003 | C4: triathlon | D4: crawl | E4: 1900 | F4: 46278 | G4: Triathlon M — Annecy | H4: OW | I4: 32:00 | J4: =IF(I4="","",IF(ISNUMBER(I4),IF(I4<1,I4*86400,I4),IF(ISNUMBER(FIND(":",I4)),VALUE(LEFT(I4,FIND(":",I4)-1))*60+VALUE(SUBSTITUTE(MID(I4,FIND(":",I4)+1,20),",",".")),VALUE(SUBSTITUTE(I4,",","."))))) | K4: A | L4: en_cours | M4: Eau libre, pas de mur | N4: =IF(AND(K4="A",L4="en_cours"),B4,"")
J5: =IF(I5="","",IF(ISNUMBER(I5),IF(I5<1,I5*86400,I5),IF(ISNUMBER(FIND(":",I5)),VALUE(LEFT(I5,FIND(":",I5)-1))*60+VALUE(SUBSTITUTE(MID(I5,FIND(":",I5)+1,20),",",".")),VALUE(SUBSTITUTE(I5,",","."))))) | N5: =IF(AND(K5="A",L5="en_cours"),B5,"")
J6: =IF(I6="","",IF(ISNUMBER(I6),IF(I6<1,I6*86400,I6),IF(ISNUMBER(FIND(":",I6)),VALUE(LEFT(I6,FIND(":",I6)-1))*60+VALUE(SUBSTITUTE(MID(I6,FIND(":",I6)+1,20),",",".")),VALUE(SUBSTITUTE(I6,",","."))))) | N6: =IF(AND(K6="A",L6="en_cours"),B6,"")
J7: =IF(I7="","",IF(ISNUMBER(I7),IF(I7<1,I7*86400,I7),IF(ISNUMBER(FIND(":",I7)),VALUE(LEFT(I7,FIND(":",I7)-1))*60+VALUE(SUBSTITUTE(MID(I7,FIND(":",I7)+1,20),",",".")),VALUE(SUBSTITUTE(I7,",","."))))) | N7: =IF(AND(K7="A",L7="en_cours"),B7,"")
J8: =IF(I8="","",IF(ISNUMBER(I8),IF(I8<1,I8*86400,I8),IF(ISNUMBER(FIND(":",I8)),VALUE(LEFT(I8,FIND(":",I8)-1))*60+VALUE(SUBSTITUTE(MID(I8,FIND(":",I8)+1,20),",",".")),VALUE(SUBSTITUTE(I8,",","."))))) | N8: =IF(AND(K8="A",L8="en_cours"),B8,"")
J9: =IF(I9="","",IF(ISNUMBER(I9),IF(I9<1,I9*86400,I9),IF(ISNUMBER(FIND(":",I9)),VALUE(LEFT(I9,FIND(":",I9)-1))*60+VALUE(SUBSTITUTE(MID(I9,FIND(":",I9)+1,20),",",".")),VALUE(SUBSTITUTE(I9,",","."))))) | N9: =IF(AND(K9="A",L9="en_cours"),B9,"")
J10: =IF(I10="","",IF(ISNUMBER(I10),IF(I10<1,I10*86400,I10),IF(ISNUMBER(FIND(":",I10)),VALUE(LEFT(I10,FIND(":",I10)-1))*60+VALUE(SUBSTITUTE(MID(I10,FIND(":",I10)+1,20),",",".")),VALUE(SUBSTITUTE(I10,",","."))))) | N10: =IF(AND(K10="A",L10="en_cours"),B10,"")
J11: =IF(I11="","",IF(ISNUMBER(I11),IF(I11<1,I11*86400,I11),IF(ISNUMBER(FIND(":",I11)),VALUE(LEFT(I11,FIND(":",I11)-1))*60+VALUE(SUBSTITUTE(MID(I11,FIND(":",I11)+1,20),",",".")),VALUE(SUBSTITUTE(I11,",","."))))) | N11: =IF(AND(K11="A",L11="en_cours"),B11,"")
J12: =IF(I12="","",IF(ISNUMBER(I12),IF(I12<1,I12*86400,I12),IF(ISNUMBER(FIND(":",I12)),VALUE(LEFT(I12,FIND(":",I12)-1))*60+VALUE(SUBSTITUTE(MID(I12,FIND(":",I12)+1,20),",",".")),VALUE(SUBSTITUTE(I12,",","."))))) | N12: =IF(AND(K12="A",L12="en_cours"),B12,"")
J13: =IF(I13="","",IF(ISNUMBER(I13),IF(I13<1,I13*86400,I13),IF(ISNUMBER(FIND(":",I13)),VALUE(LEFT(I13,FIND(":",I13)-1))*60+VALUE(SUBSTITUTE(MID(I13,FIND(":",I13)+1,20),",",".")),VALUE(SUBSTITUTE(I13,",","."))))) | N13: =IF(AND(K13="A",L13="en_cours"),B13,"")
J14: =IF(I14="","",IF(ISNUMBER(I14),IF(I14<1,I14*86400,I14),IF(ISNUMBER(FIND(":",I14)),VALUE(LEFT(I14,FIND(":",I14)-1))*60+VALUE(SUBSTITUTE(MID(I14,FIND(":",I14)+1,20),",",".")),VALUE(SUBSTITUTE(I14,",","."))))) | N14: =IF(AND(K14="A",L14="en_cours"),B14,"")
J15: =IF(I15="","",IF(ISNUMBER(I15),IF(I15<1,I15*86400,I15),IF(ISNUMBER(FIND(":",I15)),VALUE(LEFT(I15,FIND(":",I15)-1))*60+VALUE(SUBSTITUTE(MID(I15,FIND(":",I15)+1,20),",",".")),VALUE(SUBSTITUTE(I15,",","."))))) | N15: =IF(AND(K15="A",L15="en_cours"),B15,"")
J16: =IF(I16="","",IF(ISNUMBER(I16),IF(I16<1,I16*86400,I16),IF(ISNUMBER(FIND(":",I16)),VALUE(LEFT(I16,FIND(":",I16)-1))*60+VALUE(SUBSTITUTE(MID(I16,FIND(":",I16)+1,20),",",".")),VALUE(SUBSTITUTE(I16,",","."))))) | N16: =IF(AND(K16="A",L16="en_cours"),B16,"")
... J23: =IF(I23="","",IF(ISNUMBER(I23),IF(I23<1,I23*86400,I23),IF(ISNUMBER(FIND(":",I23)),VALUE(LEFT(I23,FIND(":",I23)-1))*60+VALUE(SUBSTITUTE(MID(I23,FIND(":",I23)+1,20),",",".")),VALUE(SUBSTITUTE(I23,",","."))))) | N23: =IF(AND(K23="A",L23="en_cours"),B23,"")

Sheet TESTS
A1: id_test | B1: id_nageur | C1: date | D1: protocole | E1: nage | F1: bassin | G1: depart | H1: contexte | I1: distance_saisie | J1: temps | K1: temps_sec | L1: distance_m | M1: allure_100_sec | N1: split_50 | O1: split_100 | P1: rpe | Q1: forme | R1: valide | S1: notes
A2: T001 | B2: N001 | C2: 46096 | D2: T50 | E2: crawl | F2: 25 | G2: plonge | H2: test_dedie | J2: 0:34.80 | K2: =IF(J2="","",IF(ISNUMBER(J2),IF(J2<1,J2*86400,J2),IF(ISNUMBER(FIND(":",J2)),VALUE(LEFT(J2,FIND(":",J2)-1))*60+VALUE(SUBSTITUTE(MID(J2,FIND(":",J2)+1,20),",",".")),VALUE(SUBSTITUTE(J2,",","."))))) | L2: =IF(I2<>"",I2,SWITCH(D2,"T50",50,"T100",100,"T200",200,"T400",400,"CSS",400,"")) | M2: =IF(OR(K2="",L2=""),"",K2*100/L2) | P2: 8 | Q2: bonne | R2: oui | S2: Premier test saison
A3: T002 | B3: N001 | C3: 46096 | D3: T100 | E3: crawl | F3: 25 | G3: plonge | H3: test_dedie | J3: 1:16.20 | K3: =IF(J3="","",IF(ISNUMBER(J3),IF(J3<1,J3*86400,J3),IF(ISNUMBER(FIND(":",J3)),VALUE(LEFT(J3,FIND(":",J3)-1))*60+VALUE(SUBSTITUTE(MID(J3,FIND(":",J3)+1,20),",",".")),VALUE(SUBSTITUTE(J3,",","."))))) | L3: =IF(I3<>"",I3,SWITCH(D3,"T50",50,"T100",100,"T200",200,"T400",400,"CSS",400,"")) | M3: =IF(OR(K3="",L3=""),"",K3*100/L3) | P3: 9 | Q3: bonne | R3: oui
A4: T003 | B4: N001 | C4: 46124 | D4: T400 | E4: crawl | F4: 25 | G4: poussee | H4: test_dedie | J4: 5:42.00 | K4: =IF(J4="","",IF(ISNUMBER(J4),IF(J4<1,J4*86400,J4),IF(ISNUMBER(FIND(":",J4)),VALUE(LEFT(J4,FIND(":",J4)-1))*60+VALUE(SUBSTITUTE(MID(J4,FIND(":",J4)+1,20),",",".")),VALUE(SUBSTITUTE(J4,",","."))))) | L4: =IF(I4<>"",I4,SWITCH(D4,"T50",50,"T100",100,"T200",200,"T400",400,"CSS",400,"")) | M4: =IF(OR(K4="",L4=""),"",K4*100/L4) | P4: 8 | Q4: moyenne | R4: oui | S4: Batterie B
A5: T004 | B5: N001 | C5: 46124 | D5: T200 | E5: crawl | F5: 25 | G5: poussee | H5: test_dedie | J5: 2:44.00 | K5: =IF(J5="","",IF(ISNUMBER(J5),IF(J5<1,J5*86400,J5),IF(ISNUMBER(FIND(":",J5)),VALUE(LEFT(J5,FIND(":",J5)-1))*60+VALUE(SUBSTITUTE(MID(J5,FIND(":",J5)+1,20),",",".")),VALUE(SUBSTITUTE(J5,",","."))))) | L5: =IF(I5<>"",I5,SWITCH(D5,"T50",50,"T100",100,"T200",200,"T400",400,"CSS",400,"")) | M5: =IF(OR(K5="",L5=""),"",K5*100/L5) | P5: 8 | Q5: moyenne | R5: oui
A6: T005 | B6: N001 | C6: 46152 | D6: T50 | E6: crawl | F6: 25 | G6: plonge | H6: test_dedie | J6: 0:34.10 | K6: =IF(J6="","",IF(ISNUMBER(J6),IF(J6<1,J6*86400,J6),IF(ISNUMBER(FIND(":",J6)),VALUE(LEFT(J6,FIND(":",J6)-1))*60+VALUE(SUBSTITUTE(MID(J6,FIND(":",J6)+1,20),",",".")),VALUE(SUBSTITUTE(J6,",","."))))) | L6: =IF(I6<>"",I6,SWITCH(D6,"T50",50,"T100",100,"T200",200,"T400",400,"CSS",400,"")) | M6: =IF(OR(K6="",L6=""),"",K6*100/L6) | P6: 8 | Q6: bonne | R6: oui
A7: T006 | B7: N001 | C7: 46152 | D7: T100 | E7: crawl | F7: 25 | G7: plonge | H7: test_dedie | J7: 1:14.80 | K7: =IF(J7="","",IF(ISNUMBER(J7),IF(J7<1,J7*86400,J7),IF(ISNUMBER(FIND(":",J7)),VALUE(LEFT(J7,FIND(":",J7)-1))*60+VALUE(SUBSTITUTE(MID(J7,FIND(":",J7)+1,20),",",".")),VALUE(SUBSTITUTE(J7,",","."))))) | L7: =IF(I7<>"",I7,SWITCH(D7,"T50",50,"T100",100,"T200",200,"T400",400,"CSS",400,"")) | M7: =IF(OR(K7="",L7=""),"",K7*100/L7) | P7: 9 | Q7: bonne | R7: oui
A8: T007 | B8: N001 | C8: 46223 | D8: T50 | E8: crawl | F8: 25 | G8: plonge | H8: test_dedie | J8: 0:33.60 | K8: =IF(J8="","",IF(ISNUMBER(J8),IF(J8<1,J8*86400,J8),IF(ISNUMBER(FIND(":",J8)),VALUE(LEFT(J8,FIND(":",J8)-1))*60+VALUE(SUBSTITUTE(MID(J8,FIND(":",J8)+1,20),",",".")),VALUE(SUBSTITUTE(J8,",","."))))) | L8: =IF(I8<>"",I8,SWITCH(D8,"T50",50,"T100",100,"T200",200,"T400",400,"CSS",400,"")) | M8: =IF(OR(K8="",L8=""),"",K8*100/L8) | P8: 8 | Q8: bonne | R8: oui
A9: T008 | B9: N001 | C9: 46223 | D9: T100 | E9: crawl | F9: 25 | G9: plonge | H9: test_dedie | J9: 1:13.40 | K9: =IF(J9="","",IF(ISNUMBER(J9),IF(J9<1,J9*86400,J9),IF(ISNUMBER(FIND(":",J9)),VALUE(LEFT(J9,FIND(":",J9)-1))*60+VALUE(SUBSTITUTE(MID(J9,FIND(":",J9)+1,20),",",".")),VALUE(SUBSTITUTE(J9,",","."))))) | L9: =IF(I9<>"",I9,SWITCH(D9,"T50",50,"T100",100,"T200",200,"T400",400,"CSS",400,"")) | M9: =IF(OR(K9="",L9=""),"",K9*100/L9) | P9: 9 | Q9: bonne | R9: oui | S9: PB 100
A10: T009 | B10: N001 | C10: 46223 | D10: T200 | E10: crawl | F10: 25 | G10: poussee | H10: test_dedie | J10: 2:42.00 | K10: =IF(J10="","",IF(ISNUMBER(J10),IF(J10<1,J10*86400,J10),IF(ISNUMBER(FIND(":",J10)),VALUE(LEFT(J10,FIND(":",J10)-1))*60+VALUE(SUBSTITUTE(MID(J10,FIND(":",J10)+1,20),",",".")),VALUE(SUBSTITUTE(J10,",","."))))) | L10: =IF(I10<>"",I10,SWITCH(D10,"T50",50,"T100",100,"T200",200,"T400",400,"CSS",400,"")) | M10: =IF(OR(K10="",L10=""),"",K10*100/L10) | P10: 8 | Q10: bonne | R10: oui | S10: T200 après récup
A11: T010 | B11: N002 | C11: 46061 | D11: T50 | E11: crawl | F11: 50 | G11: plonge | H11: test_dedie | J11: 0:28.80 | K11: =IF(J11="","",IF(ISNUMBER(J11),IF(J11<1,J11*86400,J11),IF(ISNUMBER(FIND(":",J11)),VALUE(LEFT(J11,FIND(":",J11)-1))*60+VALUE(SUBSTITUTE(MID(J11,FIND(":",J11)+1,20),",",".")),VALUE(SUBSTITUTE(J11,",","."))))) | L11: =IF(I11<>"",I11,SWITCH(D11,"T50",50,"T100",100,"T200",200,"T400",400,"CSS",400,"")) | M11: =IF(OR(K11="",L11=""),"",K11*100/L11) | P11: 8 | Q11: bonne | R11: oui
A12: T011 | B12: N002 | C12: 46061 | D12: T100 | E12: crawl | F12: 50 | G12: plonge | H12: test_dedie | J12: 1:04.20 | K12: =IF(J12="","",IF(ISNUMBER(J12),IF(J12<1,J12*86400,J12),IF(ISNUMBER(FIND(":",J12)),VALUE(LEFT(J12,FIND(":",J12)-1))*60+VALUE(SUBSTITUTE(MID(J12,FIND(":",J12)+1,20),",",".")),VALUE(SUBSTITUTE(J12,",","."))))) | L12: =IF(I12<>"",I12,SWITCH(D12,"T50",50,"T100",100,"T200",200,"T400",400,"CSS",400,"")) | M12: =IF(OR(K12="",L12=""),"",K12*100/L12) | P12: 9 | Q12: bonne | R12: oui
A13: T012 | B13: N002 | C13: 46103 | D13: T200 | E13: crawl | F13: 50 | G13: poussee | H13: test_dedie | J13: 2:20.00 | K13: =IF(J13="","",IF(ISNUMBER(J13),IF(J13<1,J13*86400,J13),IF(ISNUMBER(FIND(":",J13)),VALUE(LEFT(J13,FIND(":",J13)-1))*60+VALUE(SUBSTITUTE(MID(J13,FIND(":",J13)+1,20),",",".")),VALUE(SUBSTITUTE(J13,",","."))))) | L13: =IF(I13<>"",I13,SWITCH(D13,"T50",50,"T100",100,"T200",200,"T400",400,"CSS",400,"")) | M13: =IF(OR(K13="",L13=""),"",K13*100/L13) | P13: 8 | Q13: bonne | R13: oui
A14: T013 | B14: N002 | C14: 46103 | D14: T400 | E14: crawl | F14: 50 | G14: poussee | H14: test_dedie | J14: 4:58.00 | K14: =IF(J14="","",IF(ISNUMBER(J14),IF(J14<1,J14*86400,J14),IF(ISNUMBER(FIND(":",J14)),VALUE(LEFT(J14,FIND(":",J14)-1))*60+VALUE(SUBSTITUTE(MID(J14,FIND(":",J14)+1,20),",",".")),VALUE(SUBSTITUTE(J14,",","."))))) | L14: =IF(I14<>"",I14,SWITCH(D14,"T50",50,"T100",100,"T200",200,"T400",400,"CSS",400,"")) | M14: =IF(OR(K14="",L14=""),"",K14*100/L14) | P14: 9 | Q14: bonne | R14: oui
A15: T014 | B15: N002 | C15: 46187 | D15: T50 | E15: crawl | F15: 50 | G15: plonge | H15: test_dedie | J15: 0:28.10 | K15: =IF(J15="","",IF(ISNUMBER(J15),IF(J15<1,J15*86400,J15),IF(ISNUMBER(FIND(":",J15)),VALUE(LEFT(J15,FIND(":",J15)-1))*60+VALUE(SUBSTITUTE(MID(J15,FIND(":",J15)+1,20),",",".")),VALUE(SUBSTITUTE(J15,",","."))))) | L15: =IF(I15<>"",I15,SWITCH(D15,"T50",50,"T100",100,"T200",200,"T400",400,"CSS",400,"")) | M15: =IF(OR(K15="",L15=""),"",K15*100/L15) | P15: 8 | Q15: bonne | R15: oui
A16: T015 | B16: N002 | C16: 46187 | D16: T100 | E16: crawl | F16: 50 | G16: plonge | H16: test_dedie | J16: 1:02.40 | K16: =IF(J16="","",IF(ISNUMBER(J16),IF(J16<1,J16*86400,J16),IF(ISNUMBER(FIND(":",J16)),VALUE(LEFT(J16,FIND(":",J16)-1))*60+VALUE(SUBSTITUTE(MID(J16,FIND(":",J16)+1,20),",",".")),VALUE(SUBSTITUTE(J16,",","."))))) | L16: =IF(I16<>"",I16,SWITCH(D16,"T50",50,"T100",100,"T200",200,"T400",400,"CSS",400,"")) | M16: =IF(OR(K16="",L16=""),"",K16*100/L16) | P16: 9 | Q16: bonne | R16: oui
A17: T016 | B17: N002 | C17: 46201 | D17: T200 | E17: crawl | F17: 50 | G17: poussee | H17: test_dedie | J17: 2:16.80 | K17: =IF(J17="","",IF(ISNUMBER(J17),IF(J17<1,J17*86400,J17),IF(ISNUMBER(FIND(":",J17)),VALUE(LEFT(J17,FIND(":",J17)-1))*60+VALUE(SUBSTITUTE(MID(J17,FIND(":",J17)+1,20),",",".")),VALUE(SUBSTITUTE(J17,",","."))))) | L17: =IF(I17<>"",I17,SWITCH(D17,"T50",50,"T100",100,"T200",200,"T400",400,"CSS",400,"")) | M17: =IF(OR(K17="",L17=""),"",K17*100/L17) | P17: 8 | Q17: bonne | R17: oui
A18: T017 | B18: N002 | C18: 46201 | D18: T400 | E18: crawl | F18: 50 | G18: poussee | H18: test_dedie | J18: 4:52.00 | K18: =IF(J18="","",IF(ISNUMBER(J18),IF(J18<1,J18*86400,J18),IF(ISNUMBER(FIND(":",J18)),VALUE(LEFT(J18,FIND(":",J18)-1))*60+VALUE(SUBSTITUTE(MID(J18,FIND(":",J18)+1,20),",",".")),VALUE(SUBSTITUTE(J18,",","."))))) | L18: =IF(I18<>"",I18,SWITCH(D18,"T50",50,"T100",100,"T200",200,"T400",400,"CSS",400,"")) | M18: =IF(OR(K18="",L18=""),"",K18*100/L18) | P18: 9 | Q18: bonne | R18: oui | S18: PB 400
A19: T018 | B19: N003 | C19: 46117 | D19: T100 | E19: crawl | F19: 25 | G19: poussee | H19: test_dedie | J19: 1:32.00 | K19: =IF(J19="","",IF(ISNUMBER(J19),IF(J19<1,J19*86400,J19),IF(ISNUMBER(FIND(":",J19)),VALUE(LEFT(J19,FIND(":",J19)-1))*60+VALUE(SUBSTITUTE(MID(J19,FIND(":",J19)+1,20),",",".")),VALUE(SUBSTITUTE(J19,",","."))))) | L19: =IF(I19<>"",I19,SWITCH(D19,"T50",50,"T100",100,"T200",200,"T400",400,"CSS",400,"")) | M19: =IF(OR(K19="",L19=""),"",K19*100/L19) | P19: 8 | Q19: moyenne | R19: oui
A20: T019 | B20: N003 | C20: 46117 | D20: T400 | E20: crawl | F20: 25 | G20: poussee | H20: test_dedie | J20: 6:40.00 | K20: =IF(J20="","",IF(ISNUMBER(J20),IF(J20<1,J20*86400,J20),IF(ISNUMBER(FIND(":",J20)),VALUE(LEFT(J20,FIND(":",J20)-1))*60+VALUE(SUBSTITUTE(MID(J20,FIND(":",J20)+1,20),",",".")),VALUE(SUBSTITUTE(J20,",","."))))) | L20: =IF(I20<>"",I20,SWITCH(D20,"T50",50,"T100",100,"T200",200,"T400",400,"CSS",400,"")) | M20: =IF(OR(K20="",L20=""),"",K20*100/L20) | P20: 8 | Q20: moyenne | R20: oui
A21: T020 | B21: N003 | C21: 46194 | D21: T100 | E21: crawl | F21: 25 | G21: poussee | H21: test_dedie | J21: 1:28.00 | K21: =IF(J21="","",IF(ISNUMBER(J21),IF(J21<1,J21*86400,J21),IF(ISNUMBER(FIND(":",J21)),VALUE(LEFT(J21,FIND(":",J21)-1))*60+VALUE(SUBSTITUTE(MID(J21,FIND(":",J21)+1,20),",",".")),VALUE(SUBSTITUTE(J21,",","."))))) | L21: =IF(I21<>"",I21,SWITCH(D21,"T50",50,"T100",100,"T200",200,"T400",400,"CSS",400,"")) | M21: =IF(OR(K21="",L21=""),"",K21*100/L21) | P21: 8 | Q21: bonne | R21: oui
A22: T021 | B22: N003 | C22: 46194 | D22: T200 | E22: crawl | F22: 25 | G22: poussee | H22: test_dedie | J22: 3:05.00 | K22: =IF(J22="","",IF(ISNUMBER(J22),IF(J22<1,J22*86400,J22),IF(ISNUMBER(FIND(":",J22)),VALUE(LEFT(J22,FIND(":",J22)-1))*60+VALUE(SUBSTITUTE(MID(J22,FIND(":",J22)+1,20),",",".")),VALUE(SUBSTITUTE(J22,",","."))))) | L22: =IF(I22<>"",I22,SWITCH(D22,"T50",50,"T100",100,"T200",200,"T400",400,"CSS",400,"")) | M22: =IF(OR(K22="",L22=""),"",K22*100/L22) | P22: 8 | Q22: bonne | R22: oui
A23: T022 | B23: N003 | C23: 46194 | D23: T400 | E23: crawl | F23: 25 | G23: poussee | H23: test_dedie | J23: 6:20.00 | K23: =IF(J23="","",IF(ISNUMBER(J23),IF(J23<1,J23*86400,J23),IF(ISNUMBER(FIND(":",J23)),VALUE(LEFT(J23,FIND(":",J23)-1))*60+VALUE(SUBSTITUTE(MID(J23,FIND(":",J23)+1,20),",",".")),VALUE(SUBSTITUTE(J23,",","."))))) | L23: =IF(I23<>"",I23,SWITCH(D23,"T50",50,"T100",100,"T200",200,"T400",400,"CSS",400,"")) | M23: =IF(OR(K23="",L23=""),"",K23*100/L23) | P23: 8 | Q23: bonne | R23: oui
A24: T023 | B24: N003 | C24: 46236 | D24: T100 | E24: crawl | F24: 25 | G24: poussee | H24: test_dedie | J24: 1:26.50 | K24: =IF(J24="","",IF(ISNUMBER(J24),IF(J24<1,J24*86400,J24),IF(ISNUMBER(FIND(":",J24)),VALUE(LEFT(J24,FIND(":",J24)-1))*60+VALUE(SUBSTITUTE(MID(J24,FIND(":",J24)+1,20),",",".")),VALUE(SUBSTITUTE(J24,",","."))))) | L24: =IF(I24<>"",I24,SWITCH(D24,"T50",50,"T100",100,"T200",200,"T400",400,"CSS",400,"")) | M24: =IF(OR(K24="",L24=""),"",K24*100/L24) | P24: 7 | Q24: bonne | R24: oui | S24: Avant spécifique
K25: =IF(J25="","",IF(ISNUMBER(J25),IF(J25<1,J25*86400,J25),IF(ISNUMBER(FIND(":",J25)),VALUE(LEFT(J25,FIND(":",J25)-1))*60+VALUE(SUBSTITUTE(MID(J25,FIND(":",J25)+1,20),",",".")),VALUE(SUBSTITUTE(J25,",","."))))) | L25: =IF(I25<>"",I25,SWITCH(D25,"T50",50,"T100",100,"T200",200,"T400",400,"CSS",400,"")) | M25: =IF(OR(K25="",L25=""),"",K25*100/L25)
K26: =IF(J26="","",IF(ISNUMBER(J26),IF(J26<1,J26*86400,J26),IF(ISNUMBER(FIND(":",J26)),VALUE(LEFT(J26,FIND(":",J26)-1))*60+VALUE(SUBSTITUTE(MID(J26,FIND(":",J26)+1,20),",",".")),VALUE(SUBSTITUTE(J26,",","."))))) | L26: =IF(I26<>"",I26,SWITCH(D26,"T50",50,"T100",100,"T200",200,"T400",400,"CSS",400,"")) | M26: =IF(OR(K26="",L26=""),"",K26*100/L26)
K27: =IF(J27="","",IF(ISNUMBER(J27),IF(J27<1,J27*86400,J27),IF(ISNUMBER(FIND(":",J27)),VALUE(LEFT(J27,FIND(":",J27)-1))*60+VALUE(SUBSTITUTE(MID(J27,FIND(":",J27)+1,20),",",".")),VALUE(SUBSTITUTE(J27,",","."))))) | L27: =IF(I27<>"",I27,SWITCH(D27,"T50",50,"T100",100,"T200",200,"T400",400,"CSS",400,"")) | M27: =IF(OR(K27="",L27=""),"",K27*100/L27)
K28: =IF(J28="","",IF(ISNUMBER(J28),IF(J28<1,J28*86400,J28),IF(ISNUMBER(FIND(":",J28)),VALUE(LEFT(J28,FIND(":",J28)-1))*60+VALUE(SUBSTITUTE(MID(J28,FIND(":",J28)+1,20),",",".")),VALUE(SUBSTITUTE(J28,",","."))))) | L28: =IF(I28<>"",I28,SWITCH(D28,"T50",50,"T100",100,"T200",200,"T400",400,"CSS",400,"")) | M28: =IF(OR(K28="",L28=""),"",K28*100/L28)
K29: =IF(J29="","",IF(ISNUMBER(J29),IF(J29<1,J29*86400,J29),IF(ISNUMBER(FIND(":",J29)),VALUE(LEFT(J29,FIND(":",J29)-1))*60+VALUE(SUBSTITUTE(MID(J29,FIND(":",J29)+1,20),",",".")),VALUE(SUBSTITUTE(J29,",","."))))) | L29: =IF(I29<>"",I29,SWITCH(D29,"T50",50,"T100",100,"T200",200,"T400",400,"CSS",400,"")) | M29: =IF(OR(K29="",L29=""),"",K29*100/L29)
K30: =IF(J30="","",IF(ISNUMBER(J30),IF(J30<1,J30*86400,J30),IF(ISNUMBER(FIND(":",J30)),VALUE(LEFT(J30,FIND(":",J30)-1))*60+VALUE(SUBSTITUTE(MID(J30,FIND(":",J30)+1,20),",",".")),VALUE(SUBSTITUTE(J30,",","."))))) | L30: =IF(I30<>"",I30,SWITCH(D30,"T50",50,"T100",100,"T200",200,"T400",400,"CSS",400,"")) | M30: =IF(OR(K30="",L30=""),"",K30*100/L30)
K31: =IF(J31="","",IF(ISNUMBER(J31),IF(J31<1,J31*86400,J31),IF(ISNUMBER(FIND(":",J31)),VALUE(LEFT(J31,FIND(":",J31)-1))*60+VALUE(SUBSTITUTE(MID(J31,FIND(":",J31)+1,20),",",".")),VALUE(SUBSTITUTE(J31,",","."))))) | L31: =IF(I31<>"",I31,SWITCH(D31,"T50",50,"T100",100,"T200",200,"T400",400,"CSS",400,"")) | M31: =IF(OR(K31="",L31=""),"",K31*100/L31)
K32: =IF(J32="","",IF(ISNUMBER(J32),IF(J32<1,J32*86400,J32),IF(ISNUMBER(FIND(":",J32)),VALUE(LEFT(J32,FIND(":",J32)-1))*60+VALUE(SUBSTITUTE(MID(J32,FIND(":",J32)+1,20),",",".")),VALUE(SUBSTITUTE(J32,",","."))))) | L32: =IF(I32<>"",I32,SWITCH(D32,"T50",50,"T100",100,"T200",200,"T400",400,"CSS",400,"")) | M32: =IF(OR(K32="",L32=""),"",K32*100/L32)
K33: =IF(J33="","",IF(ISNUMBER(J33),IF(J33<1,J33*86400,J33),IF(ISNUMBER(FIND(":",J33)),VALUE(LEFT(J33,FIND(":",J33)-1))*60+VALUE(SUBSTITUTE(MID(J33,FIND(":",J33)+1,20),",",".")),VALUE(SUBSTITUTE(J33,",","."))))) | L33: =IF(I33<>"",I33,SWITCH(D33,"T50",50,"T100",100,"T200",200,"T400",400,"CSS",400,"")) | M33: =IF(OR(K33="",L33=""),"",K33*100/L33)
K34: =IF(J34="","",IF(ISNUMBER(J34),IF(J34<1,J34*86400,J34),IF(ISNUMBER(FIND(":",J34)),VALUE(LEFT(J34,FIND(":",J34)-1))*60+VALUE(SUBSTITUTE(MID(J34,FIND(":",J34)+1,20),",",".")),VALUE(SUBSTITUTE(J34,",","."))))) | L34: =IF(I34<>"",I34,SWITCH(D34,"T50",50,"T100",100,"T200",200,"T400",400,"CSS",400,"")) | M34: =IF(OR(K34="",L34=""),"",K34*100/L34)
K35: =IF(J35="","",IF(ISNUMBER(J35),IF(J35<1,J35*86400,J35),IF(ISNUMBER(FIND(":",J35)),VALUE(LEFT(J35,FIND(":",J35)-1))*60+VALUE(SUBSTITUTE(MID(J35,FIND(":",J35)+1,20),",",".")),VALUE(SUBSTITUTE(J35,",","."))))) | L35: =IF(I35<>"",I35,SWITCH(D35,"T50",50,"T100",100,"T200",200,"T400",400,"CSS",400,"")) | M35: =IF(OR(K35="",L35=""),"",K35*100/L35)
K36: =IF(J36="","",IF(ISNUMBER(J36),IF(J36<1,J36*86400,J36),IF(ISNUMBER(FIND(":",J36)),VALUE(LEFT(J36,FIND(":",J36)-1))*60+VALUE(SUBSTITUTE(MID(J36,FIND(":",J36)+1,20),",",".")),VALUE(SUBSTITUTE(J36,",","."))))) | L36: =IF(I36<>"",I36,SWITCH(D36,"T50",50,"T100",100,"T200",200,"T400",400,"CSS",400,"")) | M36: =IF(OR(K36="",L36=""),"",K36*100/L36)
... K80: =IF(J80="","",IF(ISNUMBER(J80),IF(J80<1,J80*86400,J80),IF(ISNUMBER(FIND(":",J80)),VALUE(LEFT(J80,FIND(":",J80)-1))*60+VALUE(SUBSTITUTE(MID(J80,FIND(":",J80)+1,20),",",".")),VALUE(SUBSTITUTE(J80,",","."))))) | L80: =IF(I80<>"",I80,SWITCH(D80,"T50",50,"T100",100,"T200",200,"T400",400,"CSS",400,"")) | M80: =IF(OR(K80="",L80=""),"",K80*100/L80)

Sheet SEANCES
A1: id_nageur | B1: date | C1: theme | D1: volume_m | E1: rpe | F1: faite | G1: type_semaine | H1: qualite | I1: lien_test | J1: notes | K1: lundi | L1: semaine_iso | M1: cle
A2: N001 | B2: 46203 | C2: technique | D2: 1800 | E2: 5 | F2: oui | G2: normale | H2: tenue | K2: =IF(B2="","",B2-WEEKDAY(B2,3)) | L2: =IF(K2="","",YEAR(K2)&"-W"&TEXT(ISOWEEKNUM(K2),"00")) | M2: =IF(A2="","",A2&"|"&TEXT(K2,"YYYY-MM-DD"))
A3: N001 | B3: 46205 | C3: endurance | D3: 2200 | E3: 6 | F3: oui | G3: normale | H3: tenue | K3: =IF(B3="","",B3-WEEKDAY(B3,3)) | L3: =IF(K3="","",YEAR(K3)&"-W"&TEXT(ISOWEEKNUM(K3),"00")) | M3: =IF(A3="","",A3&"|"&TEXT(K3,"YYYY-MM-DD"))
A4: N001 | B4: 46207 | C4: seuil | D4: 2000 | E4: 7 | F4: oui | G4: normale | H4: tenue | J4: 10x100 | K4: =IF(B4="","",B4-WEEKDAY(B4,3)) | L4: =IF(K4="","",YEAR(K4)&"-W"&TEXT(ISOWEEKNUM(K4),"00")) | M4: =IF(A4="","",A4&"|"&TEXT(K4,"YYYY-MM-DD"))
A5: N001 | B5: 46210 | C5: technique | D5: 2000 | E5: 5 | F5: oui | G5: normale | H5: tenue | K5: =IF(B5="","",B5-WEEKDAY(B5,3)) | L5: =IF(K5="","",YEAR(K5)&"-W"&TEXT(ISOWEEKNUM(K5),"00")) | M5: =IF(A5="","",A5&"|"&TEXT(K5,"YYYY-MM-DD"))
A6: N001 | B6: 46212 | C6: endurance | D6: 2400 | E6: 6 | F6: oui | G6: normale | H6: tenue | K6: =IF(B6="","",B6-WEEKDAY(B6,3)) | L6: =IF(K6="","",YEAR(K6)&"-W"&TEXT(ISOWEEKNUM(K6),"00")) | M6: =IF(A6="","",A6&"|"&TEXT(K6,"YYYY-MM-DD"))
A7: N001 | B7: 46214 | C7: vitesse | D7: 2100 | E7: 7 | F7: oui | G7: normale | H7: tenue | K7: =IF(B7="","",B7-WEEKDAY(B7,3)) | L7: =IF(K7="","",YEAR(K7)&"-W"&TEXT(ISOWEEKNUM(K7),"00")) | M7: =IF(A7="","",A7&"|"&TEXT(K7,"YYYY-MM-DD"))
A8: N001 | B8: 46217 | C8: endurance | D8: 2200 | E8: 6 | F8: oui | G8: normale | H8: tenue | K8: =IF(B8="","",B8-WEEKDAY(B8,3)) | L8: =IF(K8="","",YEAR(K8)&"-W"&TEXT(ISOWEEKNUM(K8),"00")) | M8: =IF(A8="","",A8&"|"&TEXT(K8,"YYYY-MM-DD"))
A9: N001 | B9: 46219 | C9: seuil | D9: 2500 | E9: 7 | F9: oui | G9: normale | H9: limite | K9: =IF(B9="","",B9-WEEKDAY(B9,3)) | L9: =IF(K9="","",YEAR(K9)&"-W"&TEXT(ISOWEEKNUM(K9),"00")) | M9: =IF(A9="","",A9&"|"&TEXT(K9,"YYYY-MM-DD"))
A10: N001 | B10: 46221 | C10: specifique | D10: 2300 | E10: 7 | F10: oui | G10: normale | H10: tenue | K10: =IF(B10="","",B10-WEEKDAY(B10,3)) | L10: =IF(K10="","",YEAR(K10)&"-W"&TEXT(ISOWEEKNUM(K10),"00")) | M10: =IF(A10="","",A10&"|"&TEXT(K10,"YYYY-MM-DD"))
A11: N001 | B11: 46223 | C11: recuperation | D11: 1400 | E11: 4 | F11: oui | G11: allegee | H11: tenue | J11: Deload | K11: =IF(B11="","",B11-WEEKDAY(B11,3)) | L11: =IF(K11="","",YEAR(K11)&"-W"&TEXT(ISOWEEKNUM(K11),"00")) | M11: =IF(A11="","",A11&"|"&TEXT(K11,"YYYY-MM-DD"))
A12: N001 | B12: 46224 | C12: test | D12: 1600 | E12: 8 | F12: oui | G12: allegee | H12: tenue | I12: T100 | J12: Batterie A | K12: =IF(B12="","",B12-WEEKDAY(B12,3)) | L12: =IF(K12="","",YEAR(K12)&"-W"&TEXT(ISOWEEKNUM(K12),"00")) | M12: =IF(A12="","",A12&"|"&TEXT(K12,"YYYY-MM-DD"))
A13: N001 | B13: 46231 | C13: technique | D13: 2000 | E13: 5 | F13: oui | G13: normale | H13: tenue | K13: =IF(B13="","",B13-WEEKDAY(B13,3)) | L13: =IF(K13="","",YEAR(K13)&"-W"&TEXT(ISOWEEKNUM(K13),"00")) | M13: =IF(A13="","",A13&"|"&TEXT(K13,"YYYY-MM-DD"))
A14: N001 | B14: 46233 | C14: endurance | D14: 2300 | E14: 6 | F14: oui | G14: normale | H14: tenue | K14: =IF(B14="","",B14-WEEKDAY(B14,3)) | L14: =IF(K14="","",YEAR(K14)&"-W"&TEXT(ISOWEEKNUM(K14),"00")) | M14: =IF(A14="","",A14&"|"&TEXT(K14,"YYYY-MM-DD"))
A15: N001 | B15: 46235 | C15: seuil | D15: 2100 | E15: 7 | F15: oui | G15: normale | H15: tenue | K15: =IF(B15="","",B15-WEEKDAY(B15,3)) | L15: =IF(K15="","",YEAR(K15)&"-W"&TEXT(ISOWEEKNUM(K15),"00")) | M15: =IF(A15="","",A15&"|"&TEXT(K15,"YYYY-MM-DD"))
A16: N001 | B16: 46238 | C16: technique | D16: 2200 | E16: 5 | F16: oui | G16: normale | H16: tenue | K16: =IF(B16="","",B16-WEEKDAY(B16,3)) | L16: =IF(K16="","",YEAR(K16)&"-W"&TEXT(ISOWEEKNUM(K16),"00")) | M16: =IF(A16="","",A16&"|"&TEXT(K16,"YYYY-MM-DD"))
A17: N001 | B17: 46240 | C17: endurance | D17: 2500 | E17: 6 | F17: oui | G17: normale | H17: tenue | K17: =IF(B17="","",B17-WEEKDAY(B17,3)) | L17: =IF(K17="","",YEAR(K17)&"-W"&TEXT(ISOWEEKNUM(K17),"00")) | M17: =IF(A17="","",A17&"|"&TEXT(K17,"YYYY-MM-DD"))
A18: N001 | B18: 46242 | C18: specifique | D18: 2200 | E18: 7 | F18: oui | G18: normale | H18: tenue | K18: =IF(B18="","",B18-WEEKDAY(B18,3)) | L18: =IF(K18="","",YEAR(K18)&"-W"&TEXT(ISOWEEKNUM(K18),"00")) | M18: =IF(A18="","",A18&"|"&TEXT(K18,"YYYY-MM-DD"))
A19: N001 | B19: 46245 | C19: endurance | D19: 2400 | E19: 6 | F19: oui | G19: normale | H19: tenue | K19: =IF(B19="","",B19-WEEKDAY(B19,3)) | L19: =IF(K19="","",YEAR(K19)&"-W"&TEXT(ISOWEEKNUM(K19),"00")) | M19: =IF(A19="","",A19&"|"&TEXT(K19,"YYYY-MM-DD"))
A20: N001 | B20: 46247 | C20: seuil | D20: 2600 | E20: 7 | F20: oui | G20: normale | H20: limite | K20: =IF(B20="","",B20-WEEKDAY(B20,3)) | L20: =IF(K20="","",YEAR(K20)&"-W"&TEXT(ISOWEEKNUM(K20),"00")) | M20: =IF(A20="","",A20&"|"&TEXT(K20,"YYYY-MM-DD"))
A21: N001 | B21: 46249 | C21: vitesse | D21: 2400 | E21: 8 | F21: oui | G21: normale | H21: limite | J21: 3e sem de charge | K21: =IF(B21="","",B21-WEEKDAY(B21,3)) | L21: =IF(K21="","",YEAR(K21)&"-W"&TEXT(ISOWEEKNUM(K21),"00")) | M21: =IF(A21="","",A21&"|"&TEXT(K21,"YYYY-MM-DD"))
A22: N001 | B22: 46252 | C22: technique | D22: 2300 | E22: 6 | F22: oui | G22: normale | H22: tenue | K22: =IF(B22="","",B22-WEEKDAY(B22,3)) | L22: =IF(K22="","",YEAR(K22)&"-W"&TEXT(ISOWEEKNUM(K22),"00")) | M22: =IF(A22="","",A22&"|"&TEXT(K22,"YYYY-MM-DD"))
A23: N001 | B23: 46254 | C23: seuil | D23: 2500 | E23: 7 | F23: oui | G23: normale | H23: tenue | J23: 10x100 tenus 1:25 | K23: =IF(B23="","",B23-WEEKDAY(B23,3)) | L23: =IF(K23="","",YEAR(K23)&"-W"&TEXT(ISOWEEKNUM(K23),"00")) | M23: =IF(A23="","",A23&"|"&TEXT(K23,"YYYY-MM-DD"))
A24: N001 | B24: 46256 | C24: specifique | D24: 2400 | E24: 7 | F24: oui | G24: normale | H24: tenue | K24: =IF(B24="","",B24-WEEKDAY(B24,3)) | L24: =IF(K24="","",YEAR(K24)&"-W"&TEXT(ISOWEEKNUM(K24),"00")) | M24: =IF(A24="","",A24&"|"&TEXT(K24,"YYYY-MM-DD"))
A25: N002 | B25: 46202 | C25: endurance | D25: 3200 | E25: 6 | F25: oui | G25: normale | H25: tenue | K25: =IF(B25="","",B25-WEEKDAY(B25,3)) | L25: =IF(K25="","",YEAR(K25)&"-W"&TEXT(ISOWEEKNUM(K25),"00")) | M25: =IF(A25="","",A25&"|"&TEXT(K25,"YYYY-MM-DD"))
A26: N002 | B26: 46203 | C26: technique | D26: 2800 | E26: 5 | F26: oui | G26: normale | H26: tenue | K26: =IF(B26="","",B26-WEEKDAY(B26,3)) | L26: =IF(K26="","",YEAR(K26)&"-W"&TEXT(ISOWEEKNUM(K26),"00")) | M26: =IF(A26="","",A26&"|"&TEXT(K26,"YYYY-MM-DD"))
A27: N002 | B27: 46204 | C27: seuil | D27: 3400 | E27: 7 | F27: oui | G27: normale | H27: tenue | K27: =IF(B27="","",B27-WEEKDAY(B27,3)) | L27: =IF(K27="","",YEAR(K27)&"-W"&TEXT(ISOWEEKNUM(K27),"00")) | M27: =IF(A27="","",A27&"|"&TEXT(K27,"YYYY-MM-DD"))
A28: N002 | B28: 46205 | C28: vitesse | D28: 3000 | E28: 8 | F28: oui | G28: normale | H28: tenue | K28: =IF(B28="","",B28-WEEKDAY(B28,3)) | L28: =IF(K28="","",YEAR(K28)&"-W"&TEXT(ISOWEEKNUM(K28),"00")) | M28: =IF(A28="","",A28&"|"&TEXT(K28,"YYYY-MM-DD"))
A29: N002 | B29: 46206 | C29: specifique | D29: 3600 | E29: 7 | F29: oui | G29: normale | H29: tenue | K29: =IF(B29="","",B29-WEEKDAY(B29,3)) | L29: =IF(K29="","",YEAR(K29)&"-W"&TEXT(ISOWEEKNUM(K29),"00")) | M29: =IF(A29="","",A29&"|"&TEXT(K29,"YYYY-MM-DD"))
A30: N002 | B30: 46209 | C30: endurance | D30: 3400 | E30: 6 | F30: oui | G30: normale | H30: tenue | K30: =IF(B30="","",B30-WEEKDAY(B30,3)) | L30: =IF(K30="","",YEAR(K30)&"-W"&TEXT(ISOWEEKNUM(K30),"00")) | M30: =IF(A30="","",A30&"|"&TEXT(K30,"YYYY-MM-DD"))
A31: N002 | B31: 46210 | C31: technique | D31: 3000 | E31: 5 | F31: oui | G31: normale | H31: tenue | K31: =IF(B31="","",B31-WEEKDAY(B31,3)) | L31: =IF(K31="","",YEAR(K31)&"-W"&TEXT(ISOWEEKNUM(K31),"00")) | M31: =IF(A31="","",A31&"|"&TEXT(K31,"YYYY-MM-DD"))
A32: N002 | B32: 46211 | C32: seuil | D32: 3600 | E32: 7 | F32: oui | G32: normale | H32: tenue | K32: =IF(B32="","",B32-WEEKDAY(B32,3)) | L32: =IF(K32="","",YEAR(K32)&"-W"&TEXT(ISOWEEKNUM(K32),"00")) | M32: =IF(A32="","",A32&"|"&TEXT(K32,"YYYY-MM-DD"))
A33: N002 | B33: 46212 | C33: vitesse | D33: 3200 | E33: 8 | F33: oui | G33: normale | H33: limite | K33: =IF(B33="","",B33-WEEKDAY(B33,3)) | L33: =IF(K33="","",YEAR(K33)&"-W"&TEXT(ISOWEEKNUM(K33),"00")) | M33: =IF(A33="","",A33&"|"&TEXT(K33,"YYYY-MM-DD"))
A34: N002 | B34: 46213 | C34: specifique | D34: 4000 | E34: 8 | F34: oui | G34: normale | H34: limite | K34: =IF(B34="","",B34-WEEKDAY(B34,3)) | L34: =IF(K34="","",YEAR(K34)&"-W"&TEXT(ISOWEEKNUM(K34),"00")) | M34: =IF(A34="","",A34&"|"&TEXT(K34,"YYYY-MM-DD"))
A35: N002 | B35: 46216 | C35: recuperation | D35: 2200 | E35: 4 | F35: oui | G35: allegee | H35: tenue | J35: Deload | K35: =IF(B35="","",B35-WEEKDAY(B35,3)) | L35: =IF(K35="","",YEAR(K35)&"-W"&TEXT(ISOWEEKNUM(K35),"00")) | M35: =IF(A35="","",A35&"|"&TEXT(K35,"YYYY-MM-DD"))
A36: N002 | B36: 46217 | C36: technique | D36: 2000 | E36: 4 | F36: oui | G36: allegee | H36: tenue | K36: =IF(B36="","",B36-WEEKDAY(B36,3)) | L36: =IF(K36="","",YEAR(K36)&"-W"&TEXT(ISOWEEKNUM(K36),"00")) | M36: =IF(A36="","",A36&"|"&TEXT(K36,"YYYY-MM-DD"))
A37: N002 | B37: 46218 | C37: endurance | D37: 2400 | E37: 5 | F37: oui | G37: allegee | H37: tenue | K37: =IF(B37="","",B37-WEEKDAY(B37,3)) | L37: =IF(K37="","",YEAR(K37)&"-W"&TEXT(ISOWEEKNUM(K37),"00")) | M37: =IF(A37="","",A37&"|"&TEXT(K37,"YYYY-MM-DD"))
A38: N002 | B38: 46220 | C38: recuperation | D38: 2200 | E38: 4 | F38: oui | G38: allegee | H38: tenue | K38: =IF(B38="","",B38-WEEKDAY(B38,3)) | L38: =IF(K38="","",YEAR(K38)&"-W"&TEXT(ISOWEEKNUM(K38),"00")) | M38: =IF(A38="","",A38&"|"&TEXT(K38,"YYYY-MM-DD"))
A39: N002 | B39: 46223 | C39: endurance | D39: 3300 | E39: 6 | F39: oui | G39: normale | H39: tenue | K39: =IF(B39="","",B39-WEEKDAY(B39,3)) | L39: =IF(K39="","",YEAR(K39)&"-W"&TEXT(ISOWEEKNUM(K39),"00")) | M39: =IF(A39="","",A39&"|"&TEXT(K39,"YYYY-MM-DD"))
A40: N002 | B40: 46224 | C40: technique | D40: 2900 | E40: 5 | F40: oui | G40: normale | H40: tenue | K40: =IF(B40="","",B40-WEEKDAY(B40,3)) | L40: =IF(K40="","",YEAR(K40)&"-W"&TEXT(ISOWEEKNUM(K40),"00")) | M40: =IF(A40="","",A40&"|"&TEXT(K40,"YYYY-MM-DD"))
A41: N002 | B41: 46225 | C41: seuil | D41: 3500 | E41: 7 | F41: oui | G41: normale | H41: tenue | K41: =IF(B41="","",B41-WEEKDAY(B41,3)) | L41: =IF(K41="","",YEAR(K41)&"-W"&TEXT(ISOWEEKNUM(K41),"00")) | M41: =IF(A41="","",A41&"|"&TEXT(K41,"YYYY-MM-DD"))
A42: N002 | B42: 46226 | C42: vitesse | D42: 3100 | E42: 7 | F42: oui | G42: normale | H42: tenue | K42: =IF(B42="","",B42-WEEKDAY(B42,3)) | L42: =IF(K42="","",YEAR(K42)&"-W"&TEXT(ISOWEEKNUM(K42),"00")) | M42: =IF(A42="","",A42&"|"&TEXT(K42,"YYYY-MM-DD"))
A43: N002 | B43: 46227 | C43: specifique | D43: 3700 | E43: 7 | F43: oui | G43: normale | H43: tenue | K43: =IF(B43="","",B43-WEEKDAY(B43,3)) | L43: =IF(K43="","",YEAR(K43)&"-W"&TEXT(ISOWEEKNUM(K43),"00")) | M43: =IF(A43="","",A43&"|"&TEXT(K43,"YYYY-MM-DD"))
A44: N002 | B44: 46230 | C44: endurance | D44: 3500 | E44: 6 | F44: oui | G44: normale | H44: tenue | K44: =IF(B44="","",B44-WEEKDAY(B44,3)) | L44: =IF(K44="","",YEAR(K44)&"-W"&TEXT(ISOWEEKNUM(K44),"00")) | M44: =IF(A44="","",A44&"|"&TEXT(K44,"YYYY-MM-DD"))
A45: N002 | B45: 46231 | C45: technique | D45: 3000 | E45: 5 | F45: oui | G45: normale | H45: tenue | K45: =IF(B45="","",B45-WEEKDAY(B45,3)) | L45: =IF(K45="","",YEAR(K45)&"-W"&TEXT(ISOWEEKNUM(K45),"00")) | M45: =IF(A45="","",A45&"|"&TEXT(K45,"YYYY-MM-DD"))
A46: N002 | B46: 46232 | C46: seuil | D46: 3700 | E46: 7 | F46: oui | G46: normale | H46: tenue | K46: =IF(B46="","",B46-WEEKDAY(B46,3)) | L46: =IF(K46="","",YEAR(K46)&"-W"&TEXT(ISOWEEKNUM(K46),"00")) | M46: =IF(A46="","",A46&"|"&TEXT(K46,"YYYY-MM-DD"))
A47: N002 | B47: 46233 | C47: vitesse | D47: 3300 | E47: 8 | F47: oui | G47: normale | H47: limite | K47: =IF(B47="","",B47-WEEKDAY(B47,3)) | L47: =IF(K47="","",YEAR(K47)&"-W"&TEXT(ISOWEEKNUM(K47),"00")) | M47: =IF(A47="","",A47&"|"&TEXT(K47,"YYYY-MM-DD"))
... A51: N002 | B51: 46239 | C51: seuil | D51: 3900 | E51: 8 | F51: oui | G51: normale | H51: limite | K51: =IF(B51="","",B51-WEEKDAY(B51,3)) | L51: =IF(K51="","",YEAR(K51)&"-W"&TEXT(ISOWEEKNUM(K51),"00")) | M51: =IF(A51="","",A51&"|"&TEXT(K51,"YYYY-MM-DD"))
A52: N002 | B52: 46240 | C52: vitesse | D52: 3400 | E52: 8 | F52: oui | G52: normale | H52: casse | J52: Arrêt 200 m | K52: =IF(B52="","",B52-WEEKDAY(B52,3)) | L52: =IF(K52="","",YEAR(K52)&"-W"&TEXT(ISOWEEKNUM(K52),"00")) | M52: =IF(A52="","",A52&"|"&TEXT(K52,"YYYY-MM-DD"))
A53: N002 | B53: 46241 | C53: specifique | D53: 4200 | E53: 8 | F53: oui | G53: normale | H53: limite | J53: Volume +10% | K53: =IF(B53="","",B53-WEEKDAY(B53,3)) | L53: =IF(K53="","",YEAR(K53)&"-W"&TEXT(ISOWEEKNUM(K53),"00")) | M53: =IF(A53="","",A53&"|"&TEXT(K53,"YYYY-MM-DD"))
A54: N002 | B54: 46244 | C54: recuperation | D54: 2400 | E54: 4 | F54: oui | G54: allegee | H54: tenue | J54: Deload | K54: =IF(B54="","",B54-WEEKDAY(B54,3)) | L54: =IF(K54="","",YEAR(K54)&"-W"&TEXT(ISOWEEKNUM(K54),"00")) | M54: =IF(A54="","",A54&"|"&TEXT(K54,"YYYY-MM-DD"))
A55: N002 | B55: 46245 | C55: technique | D55: 2200 | E55: 4 | F55: oui | G55: allegee | H55: tenue | K55: =IF(B55="","",B55-WEEKDAY(B55,3)) | L55: =IF(K55="","",YEAR(K55)&"-W"&TEXT(ISOWEEKNUM(K55),"00")) | M55: =IF(A55="","",A55&"|"&TEXT(K55,"YYYY-MM-DD"))
A56: N002 | B56: 46246 | C56: endurance | D56: 2600 | E56: 5 | F56: oui | G56: allegee | H56: tenue | K56: =IF(B56="","",B56-WEEKDAY(B56,3)) | L56: =IF(K56="","",YEAR(K56)&"-W"&TEXT(ISOWEEKNUM(K56),"00")) | M56: =IF(A56="","",A56&"|"&TEXT(K56,"YYYY-MM-DD"))
A57: N002 | B57: 46248 | C57: recuperation | D57: 2400 | E57: 4 | F57: oui | G57: allegee | H57: tenue | K57: =IF(B57="","",B57-WEEKDAY(B57,3)) | L57: =IF(K57="","",YEAR(K57)&"-W"&TEXT(ISOWEEKNUM(K57),"00")) | M57: =IF(A57="","",A57&"|"&TEXT(K57,"YYYY-MM-DD"))
A58: N002 | B58: 46251 | C58: endurance | D58: 3400 | E58: 6 | F58: oui | G58: normale | H58: tenue | K58: =IF(B58="","",B58-WEEKDAY(B58,3)) | L58: =IF(K58="","",YEAR(K58)&"-W"&TEXT(ISOWEEKNUM(K58),"00")) | M58: =IF(A58="","",A58&"|"&TEXT(K58,"YYYY-MM-DD"))
A59: N002 | B59: 46252 | C59: technique | D59: 3000 | E59: 5 | F59: oui | G59: normale | H59: tenue | K59: =IF(B59="","",B59-WEEKDAY(B59,3)) | L59: =IF(K59="","",YEAR(K59)&"-W"&TEXT(ISOWEEKNUM(K59),"00")) | M59: =IF(A59="","",A59&"|"&TEXT(K59,"YYYY-MM-DD"))
A60: N002 | B60: 46253 | C60: seuil | D60: 3600 | E60: 7 | F60: oui | G60: normale | H60: tenue | J60: Allure 400 | K60: =IF(B60="","",B60-WEEKDAY(B60,3)) | L60: =IF(K60="","",YEAR(K60)&"-W"&TEXT(ISOWEEKNUM(K60),"00")) | M60: =IF(A60="","",A60&"|"&TEXT(K60,"YYYY-MM-DD"))
A61: N002 | B61: 46254 | C61: vitesse | D61: 3200 | E61: 7 | F61: oui | G61: normale | H61: tenue | K61: =IF(B61="","",B61-WEEKDAY(B61,3)) | L61: =IF(K61="","",YEAR(K61)&"-W"&TEXT(ISOWEEKNUM(K61),"00")) | M61: =IF(A61="","",A61&"|"&TEXT(K61,"YYYY-MM-DD"))
A62: N002 | B62: 46255 | C62: specifique | D62: 3800 | E62: 7 | F62: oui | G62: normale | H62: tenue | K62: =IF(B62="","",B62-WEEKDAY(B62,3)) | L62: =IF(K62="","",YEAR(K62)&"-W"&TEXT(ISOWEEKNUM(K62),"00")) | M62: =IF(A62="","",A62&"|"&TEXT(K62,"YYYY-MM-DD"))
A63: N003 | B63: 46203 | C63: technique | D63: 1800 | E63: 5 | F63: oui | G63: normale | H63: tenue | K63: =IF(B63="","",B63-WEEKDAY(B63,3)) | L63: =IF(K63="","",YEAR(K63)&"-W"&TEXT(ISOWEEKNUM(K63),"00")) | M63: =IF(A63="","",A63&"|"&TEXT(K63,"YYYY-MM-DD"))
A64: N003 | B64: 46206 | C64: endurance | D64: 2200 | E64: 6 | F64: oui | G64: normale | H64: tenue | K64: =IF(B64="","",B64-WEEKDAY(B64,3)) | L64: =IF(K64="","",YEAR(K64)&"-W"&TEXT(ISOWEEKNUM(K64),"00")) | M64: =IF(A64="","",A64&"|"&TEXT(K64,"YYYY-MM-DD"))
A65: N003 | B65: 46210 | C65: technique | D65: 1900 | E65: 5 | F65: oui | G65: normale | H65: tenue | K65: =IF(B65="","",B65-WEEKDAY(B65,3)) | L65: =IF(K65="","",YEAR(K65)&"-W"&TEXT(ISOWEEKNUM(K65),"00")) | M65: =IF(A65="","",A65&"|"&TEXT(K65,"YYYY-MM-DD"))
A66: N003 | B66: 46212 | C66: endurance | D66: 2300 | E66: 6 | F66: oui | G66: normale | H66: tenue | K66: =IF(B66="","",B66-WEEKDAY(B66,3)) | L66: =IF(K66="","",YEAR(K66)&"-W"&TEXT(ISOWEEKNUM(K66),"00")) | M66: =IF(A66="","",A66&"|"&TEXT(K66,"YYYY-MM-DD"))
A67: N003 | B67: 46214 | C67: eau_libre | D67: 2000 | E67: 6 | F67: oui | G67: normale | H67: tenue | J67: Sighting | K67: =IF(B67="","",B67-WEEKDAY(B67,3)) | L67: =IF(K67="","",YEAR(K67)&"-W"&TEXT(ISOWEEKNUM(K67),"00")) | M67: =IF(A67="","",A67&"|"&TEXT(K67,"YYYY-MM-DD"))
A68: N003 | B68: 46217 | C68: endurance | D68: 2100 | E68: 6 | F68: oui | G68: normale | H68: tenue | K68: =IF(B68="","",B68-WEEKDAY(B68,3)) | L68: =IF(K68="","",YEAR(K68)&"-W"&TEXT(ISOWEEKNUM(K68),"00")) | M68: =IF(A68="","",A68&"|"&TEXT(K68,"YYYY-MM-DD"))
A69: N003 | B69: 46220 | C69: seuil | D69: 2400 | E69: 7 | F69: oui | G69: normale | H69: limite | K69: =IF(B69="","",B69-WEEKDAY(B69,3)) | L69: =IF(K69="","",YEAR(K69)&"-W"&TEXT(ISOWEEKNUM(K69),"00")) | M69: =IF(A69="","",A69&"|"&TEXT(K69,"YYYY-MM-DD"))
A70: N003 | B70: 46224 | C70: recuperation | D70: 1500 | E70: 4 | F70: oui | G70: allegee | H70: tenue | J70: Deload | K70: =IF(B70="","",B70-WEEKDAY(B70,3)) | L70: =IF(K70="","",YEAR(K70)&"-W"&TEXT(ISOWEEKNUM(K70),"00")) | M70: =IF(A70="","",A70&"|"&TEXT(K70,"YYYY-MM-DD"))
A71: N003 | B71: 46227 | C71: technique | D71: 1600 | E71: 4 | F71: oui | G71: allegee | H71: tenue | K71: =IF(B71="","",B71-WEEKDAY(B71,3)) | L71: =IF(K71="","",YEAR(K71)&"-W"&TEXT(ISOWEEKNUM(K71),"00")) | M71: =IF(A71="","",A71&"|"&TEXT(K71,"YYYY-MM-DD"))
A72: N003 | B72: 46231 | C72: technique | D72: 2000 | E72: 5 | F72: oui | G72: normale | H72: tenue | K72: =IF(B72="","",B72-WEEKDAY(B72,3)) | L72: =IF(K72="","",YEAR(K72)&"-W"&TEXT(ISOWEEKNUM(K72),"00")) | M72: =IF(A72="","",A72&"|"&TEXT(K72,"YYYY-MM-DD"))
A73: N003 | B73: 46235 | C73: test | D73: 1800 | E73: 7 | F73: oui | G73: normale | H73: tenue | I73: T100 | J73: T100 2 aout | K73: =IF(B73="","",B73-WEEKDAY(B73,3)) | L73: =IF(K73="","",YEAR(K73)&"-W"&TEXT(ISOWEEKNUM(K73),"00")) | M73: =IF(A73="","",A73&"|"&TEXT(K73,"YYYY-MM-DD"))
A74: N003 | B74: 46238 | C74: endurance | D74: 2200 | E74: 6 | F74: oui | G74: normale | H74: tenue | K74: =IF(B74="","",B74-WEEKDAY(B74,3)) | L74: =IF(K74="","",YEAR(K74)&"-W"&TEXT(ISOWEEKNUM(K74),"00")) | M74: =IF(A74="","",A74&"|"&TEXT(K74,"YYYY-MM-DD"))
A75: N003 | B75: 46240 | C75: eau_libre | D75: 2300 | E75: 6 | F75: oui | G75: normale | H75: tenue | K75: =IF(B75="","",B75-WEEKDAY(B75,3)) | L75: =IF(K75="","",YEAR(K75)&"-W"&TEXT(ISOWEEKNUM(K75),"00")) | M75: =IF(A75="","",A75&"|"&TEXT(K75,"YYYY-MM-DD"))
A76: N003 | B76: 46242 | C76: specifique | D76: 2100 | E76: 6 | F76: oui | G76: normale | H76: tenue | K76: =IF(B76="","",B76-WEEKDAY(B76,3)) | L76: =IF(K76="","",YEAR(K76)&"-W"&TEXT(ISOWEEKNUM(K76),"00")) | M76: =IF(A76="","",A76&"|"&TEXT(K76,"YYYY-MM-DD"))
A77: N003 | B77: 46245 | C77: technique | D77: 2100 | E77: 5 | F77: oui | G77: normale | H77: tenue | K77: =IF(B77="","",B77-WEEKDAY(B77,3)) | L77: =IF(K77="","",YEAR(K77)&"-W"&TEXT(ISOWEEKNUM(K77),"00")) | M77: =IF(A77="","",A77&"|"&TEXT(K77,"YYYY-MM-DD"))
A78: N003 | B78: 46247 | C78: endurance | D78: 2400 | E78: 6 | F78: oui | G78: normale | H78: tenue | K78: =IF(B78="","",B78-WEEKDAY(B78,3)) | L78: =IF(K78="","",YEAR(K78)&"-W"&TEXT(ISOWEEKNUM(K78),"00")) | M78: =IF(A78="","",A78&"|"&TEXT(K78,"YYYY-MM-DD"))
A79: N003 | B79: 46249 | C79: eau_libre | D79: 2200 | E79: 6 | F79: oui | G79: normale | H79: tenue | K79: =IF(B79="","",B79-WEEKDAY(B79,3)) | L79: =IF(K79="","",YEAR(K79)&"-W"&TEXT(ISOWEEKNUM(K79),"00")) | M79: =IF(A79="","",A79&"|"&TEXT(K79,"YYYY-MM-DD"))
A80: N003 | B80: 46251 | C80: eau_libre | D80: 2200 | E80: 6 | F80: oui | G80: normale | H80: tenue | J80: Sighting 25m | K80: =IF(B80="","",B80-WEEKDAY(B80,3)) | L80: =IF(K80="","",YEAR(K80)&"-W"&TEXT(ISOWEEKNUM(K80),"00")) | M80: =IF(A80="","",A80&"|"&TEXT(K80,"YYYY-MM-DD"))
A81: N003 | B81: 46254 | C81: endurance | D81: 2300 | E81: 6 | F81: oui | G81: normale | H81: tenue | K81: =IF(B81="","",B81-WEEKDAY(B81,3)) | L81: =IF(K81="","",YEAR(K81)&"-W"&TEXT(ISOWEEKNUM(K81),"00")) | M81: =IF(A81="","",A81&"|"&TEXT(K81,"YYYY-MM-DD"))
A82: N003 | B82: 46255 | C82: endurance | D82: 2000 | E82: 6 | F82: annulee | G82: normale | H82: casse | J82: Annulé orage | K82: =IF(B82="","",B82-WEEKDAY(B82,3)) | L82: =IF(K82="","",YEAR(K82)&"-W"&TEXT(ISOWEEKNUM(K82),"00")) | M82: =IF(A82="","",A82&"|"&TEXT(K82,"YYYY-MM-DD"))
K83: =IF(B83="","",B83-WEEKDAY(B83,3)) | L83: =IF(K83="","",YEAR(K83)&"-W"&TEXT(ISOWEEKNUM(K83),"00")) | M83: =IF(A83="","",A83&"|"&TEXT(K83,"YYYY-MM-DD"))
K84: =IF(B84="","",B84-WEEKDAY(B84,3)) | L84: =IF(K84="","",YEAR(K84)&"-W"&TEXT(ISOWEEKNUM(K84),"00")) | M84: =IF(A84="","",A84&"|"&TEXT(K84,"YYYY-MM-DD"))
K85: =IF(B85="","",B85-WEEKDAY(B85,3)) | L85: =IF(K85="","",YEAR(K85)&"-W"&TEXT(ISOWEEKNUM(K85),"00")) | M85: =IF(A85="","",A85&"|"&TEXT(K85,"YYYY-MM-DD"))
K86: =IF(B86="","",B86-WEEKDAY(B86,3)) | L86: =IF(K86="","",YEAR(K86)&"-W"&TEXT(ISOWEEKNUM(K86),"00")) | M86: =IF(A86="","",A86&"|"&TEXT(K86,"YYYY-MM-DD"))
K87: =IF(B87="","",B87-WEEKDAY(B87,3)) | L87: =IF(K87="","",YEAR(K87)&"-W"&TEXT(ISOWEEKNUM(K87),"00")) | M87: =IF(A87="","",A87&"|"&TEXT(K87,"YYYY-MM-DD"))
K88: =IF(B88="","",B88-WEEKDAY(B88,3)) | L88: =IF(K88="","",YEAR(K88)&"-W"&TEXT(ISOWEEKNUM(K88),"00")) | M88: =IF(A88="","",A88&"|"&TEXT(K88,"YYYY-MM-DD"))
K89: =IF(B89="","",B89-WEEKDAY(B89,3)) | L89: =IF(K89="","",YEAR(K89)&"-W"&TEXT(ISOWEEKNUM(K89),"00")) | M89: =IF(A89="","",A89&"|"&TEXT(K89,"YYYY-MM-DD"))
K90: =IF(B90="","",B90-WEEKDAY(B90,3)) | L90: =IF(K90="","",YEAR(K90)&"-W"&TEXT(ISOWEEKNUM(K90),"00")) | M90: =IF(A90="","",A90&"|"&TEXT(K90,"YYYY-MM-DD"))
K91: =IF(B91="","",B91-WEEKDAY(B91,3)) | L91: =IF(K91="","",YEAR(K91)&"-W"&TEXT(ISOWEEKNUM(K91),"00")) | M91: =IF(A91="","",A91&"|"&TEXT(K91,"YYYY-MM-DD"))
K92: =IF(B92="","",B92-WEEKDAY(B92,3)) | L92: =IF(K92="","",YEAR(K92)&"-W"&TEXT(ISOWEEKNUM(K92),"00")) | M92: =IF(A92="","",A92&"|"&TEXT(K92,"YYYY-MM-DD"))
K93: =IF(B93="","",B93-WEEKDAY(B93,3)) | L93: =IF(K93="","",YEAR(K93)&"-W"&TEXT(ISOWEEKNUM(K93),"00")) | M93: =IF(A93="","",A93&"|"&TEXT(K93,"YYYY-MM-DD"))
K94: =IF(B94="","",B94-WEEKDAY(B94,3)) | L94: =IF(K94="","",YEAR(K94)&"-W"&TEXT(ISOWEEKNUM(K94),"00")) | M94: =IF(A94="","",A94&"|"&TEXT(K94,"YYYY-MM-DD"))
... K200: =IF(B200="","",B200-WEEKDAY(B200,3)) | L200: =IF(K200="","",YEAR(K200)&"-W"&TEXT(ISOWEEKNUM(K200),"00")) | M200: =IF(A200="","",A200&"|"&TEXT(K200,"YYYY-MM-DD"))

Sheet CHARGE
A1: CHARGE — 1 ligne = 1 nageur × 1 semaine. Ne rien saisir. Deload = 3 charges + 1 allégée (5–6 sem si 1–2 séances/sem). Retest A 4–5 sem, B 6–8 sem, jamais pendant deload ni < 3 sem avant l’objectif.
A2: id_nageur | B2: lundi | C2: nb_seances | D2: volume_m | E2: rpe_moy | F2: delta_vol | G2: type | H2: sem_deload | I2: sem_T100 | J2: sem_T400 | K2: sem_obj | L2: alerte_deload | M2: alerte_test | N2: consigne
A3: =IFERROR(SORT(UNIQUE(FILTER(HSTACK(tblSeances[id_nageur],tblSeances[lundi]),(tblSeances[id_nageur]<>"")*(tblSeances[lundi]<>""))),2,-1),"") | C3: =IF($A3="","",COUNTIFS(tblSeances[id_nageur],$A3,tblSeances[lundi],$B3,tblSeances[faite],"oui")) | D3: =IF($A3="","",SUMIFS(tblSeances[volume_m],tblSeances[id_nageur],$A3,tblSeances[lundi],$B3,tblSeances[faite],"oui")) | E3: =IF($A3="","",IFERROR(AVERAGEIFS(tblSeances[rpe],tblSeances[id_nageur],$A3,tblSeances[lundi],$B3,tblSeances[faite],"oui"),"")) | F3: =IF(OR($A3="",O3="",O3=0),"", (D3-O3)/O3) | G3: =IF($A3="","",IFERROR(INDEX(FILTER(tblSeances[type_semaine],(tblSeances[id_nageur]=$A3)*(tblSeances[lundi]=$B3)*(tblSeances[type_semaine]<>"")),1),IF(AND(O3>0,D3<=0.7*O3),"allegee","normale"))) | H3: =IF($A3="","",IFERROR(LET(d,MAXIFS(tblSeances[lundi],tblSeances[id_nageur],$A3,tblSeances[type_semaine],"allegee"),IF(d=0,"",($B3-d)/7)),"")) | I3: =IF($A3="","",IFERROR(LET(d,MAXIFS(tblTests[date],tblTests[id_nageur],$A3,tblTests[protocole],"T100",tblTests[valide],"oui"),IF(d=0,"",($B3-d)/7)),"")) | J3: =IF($A3="","",IFERROR(LET(d,MAXIFS(tblTests[date],tblTests[id_nageur],$A3,tblTests[protocole],"T400",tblTests[valide],"oui"),IF(d=0,"",($B3-d)/7)),"")) | K3: =IF($A3="","",IFERROR((XLOOKUP($A3,tblObjectifs[cle_dashboard],tblObjectifs[date_objectif])-$B3)/7,"")) | L3: =IF($A3="","",IFS(C3<=1,"",AND(K3<>"",K3<=3),"affutage",G3="allegee","en_cours",AND(H3<>"",H3>=IF(R3<=2,5,3),C3>=IF(R3<=2,2,3)),"due",AND(F3<>"",F3>0.1),"volume_+10%",AND(E3<>"",E3>=8,P3<>"",P3>=8),"rpe_2sem",Q3>=2,"trop_casse",TRUE,"")) | M3: =IF($A3="","",IFS(AND(K3<>"",K3<=3),"pas_maintenant",G3="allegee","attendre_fin_deload",AND(E3<>"",E3>=8),"pas_maintenant",AND(I3<>"",I3>=5,J3<>"",J3>=7),"tester_A_et_B",AND(I3<>"",I3>=5),"tester_A",AND(J3<>"",J3>=7),"tester_B",TRUE,"")) | N3: =IF($A3="","",TEXTJOIN(" · ",TRUE,IF(L3="due","Deload cette semaine (−30% vol, RPE≤6, pas de max)",""),IF(L3="en_cours","Deload en cours — garder le leger",""),IF(L3="volume_+10%","Volume +10% vs S-1 — alleger S+1",""),IF(L3="rpe_2sem","RPE eleve 2 sem — alleger maintenant",""),IF(L3="trop_casse","Trop de seances cassees — recup cette semaine",""),IF(L3="affutage","Affutage : plus de max, allure de course",""),IF(M3="tester_A","Retest A (T50+T100) apres une seance facile",""),IF(M3="tester_B","Retest B (T200+T400) a frais",""),IF(M3="tester_A_et_B","Retest A cette sem, B la suivante",""),IF(M3="attendre_fin_deload","Retest apres le deload, pas pendant",""),IF(M3="pas_maintenant","Pas de test a fond",""),IF(AND(L3="",M3=""),"Charge OK — semaine normale",""))) | O3: =IF($A3="","",SUMIFS(tblSeances[volume_m],tblSeances[id_nageur],$A3,tblSeances[lundi],$B3-7,tblSeances[faite],"oui")) | P3: =IF($A3="","",IFERROR(AVERAGEIFS(tblSeances[rpe],tblSeances[id_nageur],$A3,tblSeances[lundi],$B3-7,tblSeances[faite],"oui"),"")) | Q3: =IF($A3="","",COUNTIFS(tblSeances[id_nageur],$A3,tblSeances[lundi],$B3,tblSeances[qualite],"casse")) | R3: =IF($A3="","",IFERROR(INDEX(tblNageurs[seances_sem],MATCH($A3,tblNageurs[id],0)),3))
C4: =IF($A4="","",COUNTIFS(tblSeances[id_nageur],$A4,tblSeances[lundi],$B4,tblSeances[faite],"oui")) | D4: =IF($A4="","",SUMIFS(tblSeances[volume_m],tblSeances[id_nageur],$A4,tblSeances[lundi],$B4,tblSeances[faite],"oui")) | E4: =IF($A4="","",IFERROR(AVERAGEIFS(tblSeances[rpe],tblSeances[id_nageur],$A4,tblSeances[lundi],$B4,tblSeances[faite],"oui"),"")) | F4: =IF(OR($A4="",O4="",O4=0),"", (D4-O4)/O4) | G4: =IF($A4="","",IFERROR(INDEX(FILTER(tblSeances[type_semaine],(tblSeances[id_nageur]=$A4)*(tblSeances[lundi]=$B4)*(tblSeances[type_semaine]<>"")),1),IF(AND(O4>0,D4<=0.7*O4),"allegee","normale"))) | H4: =IF($A4="","",IFERROR(LET(d,MAXIFS(tblSeances[lundi],tblSeances[id_nageur],$A4,tblSeances[type_semaine],"allegee"),IF(d=0,"",($B4-d)/7)),"")) | I4: =IF($A4="","",IFERROR(LET(d,MAXIFS(tblTests[date],tblTests[id_nageur],$A4,tblTests[protocole],"T100",tblTests[valide],"oui"),IF(d=0,"",($B4-d)/7)),"")) | J4: =IF($A4="","",IFERROR(LET(d,MAXIFS(tblTests[date],tblTests[id_nageur],$A4,tblTests[protocole],"T400",tblTests[valide],"oui"),IF(d=0,"",($B4-d)/7)),"")) | K4: =IF($A4="","",IFERROR((XLOOKUP($A4,tblObjectifs[cle_dashboard],tblObjectifs[date_objectif])-$B4)/7,"")) | L4: =IF($A4="","",IFS(C4<=1,"",AND(K4<>"",K4<=3),"affutage",G4="allegee","en_cours",AND(H4<>"",H4>=IF(R4<=2,5,3),C4>=IF(R4<=2,2,3)),"due",AND(F4<>"",F4>0.1),"volume_+10%",AND(E4<>"",E4>=8,P4<>"",P4>=8),"rpe_2sem",Q4>=2,"trop_casse",TRUE,"")) | M4: =IF($A4="","",IFS(AND(K4<>"",K4<=3),"pas_maintenant",G4="allegee","attendre_fin_deload",AND(E4<>"",E4>=8),"pas_maintenant",AND(I4<>"",I4>=5,J4<>"",J4>=7),"tester_A_et_B",AND(I4<>"",I4>=5),"tester_A",AND(J4<>"",J4>=7),"tester_B",TRUE,"")) | N4: =IF($A4="","",TEXTJOIN(" · ",TRUE,IF(L4="due","Deload cette semaine (−30% vol, RPE≤6, pas de max)",""),IF(L4="en_cours","Deload en cours — garder le leger",""),IF(L4="volume_+10%","Volume +10% vs S-1 — alleger S+1",""),IF(L4="rpe_2sem","RPE eleve 2 sem — alleger maintenant",""),IF(L4="trop_casse","Trop de seances cassees — recup cette semaine",""),IF(L4="affutage","Affutage : plus de max, allure de course",""),IF(M4="tester_A","Retest A (T50+T100) apres une seance facile",""),IF(M4="tester_B","Retest B (T200+T400) a frais",""),IF(M4="tester_A_et_B","Retest A cette sem, B la suivante",""),IF(M4="attendre_fin_deload","Retest apres le deload, pas pendant",""),IF(M4="pas_maintenant","Pas de test a fond",""),IF(AND(L4="",M4=""),"Charge OK — semaine normale",""))) | O4: =IF($A4="","",SUMIFS(tblSeances[volume_m],tblSeances[id_nageur],$A4,tblSeances[lundi],$B4-7,tblSeances[faite],"oui")) | P4: =IF($A4="","",IFERROR(AVERAGEIFS(tblSeances[rpe],tblSeances[id_nageur],$A4,tblSeances[lundi],$B4-7,tblSeances[faite],"oui"),"")) | Q4: =IF($A4="","",COUNTIFS(tblSeances[id_nageur],$A4,tblSeances[lundi],$B4,tblSeances[qualite],"casse")) | R4: =IF($A4="","",IFERROR(INDEX(tblNageurs[seances_sem],MATCH($A4,tblNageurs[id],0)),3))
C5: =IF($A5="","",COUNTIFS(tblSeances[id_nageur],$A5,tblSeances[lundi],$B5,tblSeances[faite],"oui")) | D5: =IF($A5="","",SUMIFS(tblSeances[volume_m],tblSeances[id_nageur],$A5,tblSeances[lundi],$B5,tblSeances[faite],"oui")) | E5: =IF($A5="","",IFERROR(AVERAGEIFS(tblSeances[rpe],tblSeances[id_nageur],$A5,tblSeances[lundi],$B5,tblSeances[faite],"oui"),"")) | F5: =IF(OR($A5="",O5="",O5=0),"", (D5-O5)/O5) | G5: =IF($A5="","",IFERROR(INDEX(FILTER(tblSeances[type_semaine],(tblSeances[id_nageur]=$A5)*(tblSeances[lundi]=$B5)*(tblSeances[type_semaine]<>"")),1),IF(AND(O5>0,D5<=0.7*O5),"allegee","normale"))) | H5: =IF($A5="","",IFERROR(LET(d,MAXIFS(tblSeances[lundi],tblSeances[id_nageur],$A5,tblSeances[type_semaine],"allegee"),IF(d=0,"",($B5-d)/7)),"")) | I5: =IF($A5="","",IFERROR(LET(d,MAXIFS(tblTests[date],tblTests[id_nageur],$A5,tblTests[protocole],"T100",tblTests[valide],"oui"),IF(d=0,"",($B5-d)/7)),"")) | J5: =IF($A5="","",IFERROR(LET(d,MAXIFS(tblTests[date],tblTests[id_nageur],$A5,tblTests[protocole],"T400",tblTests[valide],"oui"),IF(d=0,"",($B5-d)/7)),"")) | K5: =IF($A5="","",IFERROR((XLOOKUP($A5,tblObjectifs[cle_dashboard],tblObjectifs[date_objectif])-$B5)/7,"")) | L5: =IF($A5="","",IFS(C5<=1,"",AND(K5<>"",K5<=3),"affutage",G5="allegee","en_cours",AND(H5<>"",H5>=IF(R5<=2,5,3),C5>=IF(R5<=2,2,3)),"due",AND(F5<>"",F5>0.1),"volume_+10%",AND(E5<>"",E5>=8,P5<>"",P5>=8),"rpe_2sem",Q5>=2,"trop_casse",TRUE,"")) | M5: =IF($A5="","",IFS(AND(K5<>"",K5<=3),"pas_maintenant",G5="allegee","attendre_fin_deload",AND(E5<>"",E5>=8),"pas_maintenant",AND(I5<>"",I5>=5,J5<>"",J5>=7),"tester_A_et_B",AND(I5<>"",I5>=5),"tester_A",AND(J5<>"",J5>=7),"tester_B",TRUE,"")) | N5: =IF($A5="","",TEXTJOIN(" · ",TRUE,IF(L5="due","Deload cette semaine (−30% vol, RPE≤6, pas de max)",""),IF(L5="en_cours","Deload en cours — garder le leger",""),IF(L5="volume_+10%","Volume +10% vs S-1 — alleger S+1",""),IF(L5="rpe_2sem","RPE eleve 2 sem — alleger maintenant",""),IF(L5="trop_casse","Trop de seances cassees — recup cette semaine",""),IF(L5="affutage","Affutage : plus de max, allure de course",""),IF(M5="tester_A","Retest A (T50+T100) apres une seance facile",""),IF(M5="tester_B","Retest B (T200+T400) a frais",""),IF(M5="tester_A_et_B","Retest A cette sem, B la suivante",""),IF(M5="attendre_fin_deload","Retest apres le deload, pas pendant",""),IF(M5="pas_maintenant","Pas de test a fond",""),IF(AND(L5="",M5=""),"Charge OK — semaine normale",""))) | O5: =IF($A5="","",SUMIFS(tblSeances[volume_m],tblSeances[id_nageur],$A5,tblSeances[lundi],$B5-7,tblSeances[faite],"oui")) | P5: =IF($A5="","",IFERROR(AVERAGEIFS(tblSeances[rpe],tblSeances[id_nageur],$A5,tblSeances[lundi],$B5-7,tblSeances[faite],"oui"),"")) | Q5: =IF($A5="","",COUNTIFS(tblSeances[id_nageur],$A5,tblSeances[lundi],$B5,tblSeances[qualite],"casse")) | R5: =IF($A5="","",IFERROR(INDEX(tblNageurs[seances_sem],MATCH($A5,tblNageurs[id],0)),3))
C6: =IF($A6="","",COUNTIFS(tblSeances[id_nageur],$A6,tblSeances[lundi],$B6,tblSeances[faite],"oui")) | D6: =IF($A6="","",SUMIFS(tblSeances[volume_m],tblSeances[id_nageur],$A6,tblSeances[lundi],$B6,tblSeances[faite],"oui")) | E6: =IF($A6="","",IFERROR(AVERAGEIFS(tblSeances[rpe],tblSeances[id_nageur],$A6,tblSeances[lundi],$B6,tblSeances[faite],"oui"),"")) | F6: =IF(OR($A6="",O6="",O6=0),"", (D6-O6)/O6) | G6: =IF($A6="","",IFERROR(INDEX(FILTER(tblSeances[type_semaine],(tblSeances[id_nageur]=$A6)*(tblSeances[lundi]=$B6)*(tblSeances[type_semaine]<>"")),1),IF(AND(O6>0,D6<=0.7*O6),"allegee","normale"))) | H6: =IF($A6="","",IFERROR(LET(d,MAXIFS(tblSeances[lundi],tblSeances[id_nageur],$A6,tblSeances[type_semaine],"allegee"),IF(d=0,"",($B6-d)/7)),"")) | I6: =IF($A6="","",IFERROR(LET(d,MAXIFS(tblTests[date],tblTests[id_nageur],$A6,tblTests[protocole],"T100",tblTests[valide],"oui"),IF(d=0,"",($B6-d)/7)),"")) | J6: =IF($A6="","",IFERROR(LET(d,MAXIFS(tblTests[date],tblTests[id_nageur],$A6,tblTests[protocole],"T400",tblTests[valide],"oui"),IF(d=0,"",($B6-d)/7)),"")) | K6: =IF($A6="","",IFERROR((XLOOKUP($A6,tblObjectifs[cle_dashboard],tblObjectifs[date_objectif])-$B6)/7,"")) | L6: =IF($A6="","",IFS(C6<=1,"",AND(K6<>"",K6<=3),"affutage",G6="allegee","en_cours",AND(H6<>"",H6>=IF(R6<=2,5,3),C6>=IF(R6<=2,2,3)),"due",AND(F6<>"",F6>0.1),"volume_+10%",AND(E6<>"",E6>=8,P6<>"",P6>=8),"rpe_2sem",Q6>=2,"trop_casse",TRUE,"")) | M6: =IF($A6="","",IFS(AND(K6<>"",K6<=3),"pas_maintenant",G6="allegee","attendre_fin_deload",AND(E6<>"",E6>=8),"pas_maintenant",AND(I6<>"",I6>=5,J6<>"",J6>=7),"tester_A_et_B",AND(I6<>"",I6>=5),"tester_A",AND(J6<>"",J6>=7),"tester_B",TRUE,"")) | N6: =IF($A6="","",TEXTJOIN(" · ",TRUE,IF(L6="due","Deload cette semaine (−30% vol, RPE≤6, pas de max)",""),IF(L6="en_cours","Deload en cours — garder le leger",""),IF(L6="volume_+10%","Volume +10% vs S-1 — alleger S+1",""),IF(L6="rpe_2sem","RPE eleve 2 sem — alleger maintenant",""),IF(L6="trop_casse","Trop de seances cassees — recup cette semaine",""),IF(L6="affutage","Affutage : plus de max, allure de course",""),IF(M6="tester_A","Retest A (T50+T100) apres une seance facile",""),IF(M6="tester_B","Retest B (T200+T400) a frais",""),IF(M6="tester_A_et_B","Retest A cette sem, B la suivante",""),IF(M6="attendre_fin_deload","Retest apres le deload, pas pendant",""),IF(M6="pas_maintenant","Pas de test a fond",""),IF(AND(L6="",M6=""),"Charge OK — semaine normale",""))) | O6: =IF($A6="","",SUMIFS(tblSeances[volume_m],tblSeances[id_nageur],$A6,tblSeances[lundi],$B6-7,tblSeances[faite],"oui")) | P6: =IF($A6="","",IFERROR(AVERAGEIFS(tblSeances[rpe],tblSeances[id_nageur],$A6,tblSeances[lundi],$B6-7,tblSeances[faite],"oui"),"")) | Q6: =IF($A6="","",COUNTIFS(tblSeances[id_nageur],$A6,tblSeances[lundi],$B6,tblSeances[qualite],"casse")) | R6: =IF($A6="","",IFERROR(INDEX(tblNageurs[seances_sem],MATCH($A6,tblNageurs[id],0)),3))
C7: =IF($A7="","",COUNTIFS(tblSeances[id_nageur],$A7,tblSeances[lundi],$B7,tblSeances[faite],"oui")) | D7: =IF($A7="","",SUMIFS(tblSeances[volume_m],tblSeances[id_nageur],$A7,tblSeances[lundi],$B7,tblSeances[faite],"oui")) | E7: =IF($A7="","",IFERROR(AVERAGEIFS(tblSeances[rpe],tblSeances[id_nageur],$A7,tblSeances[lundi],$B7,tblSeances[faite],"oui"),"")) | F7: =IF(OR($A7="",O7="",O7=0),"", (D7-O7)/O7) | G7: =IF($A7="","",IFERROR(INDEX(FILTER(tblSeances[type_semaine],(tblSeances[id_nageur]=$A7)*(tblSeances[lundi]=$B7)*(tblSeances[type_semaine]<>"")),1),IF(AND(O7>0,D7<=0.7*O7),"allegee","normale"))) | H7: =IF($A7="","",IFERROR(LET(d,MAXIFS(tblSeances[lundi],tblSeances[id_nageur],$A7,tblSeances[type_semaine],"allegee"),IF(d=0,"",($B7-d)/7)),"")) | I7: =IF($A7="","",IFERROR(LET(d,MAXIFS(tblTests[date],tblTests[id_nageur],$A7,tblTests[protocole],"T100",tblTests[valide],"oui"),IF(d=0,"",($B7-d)/7)),"")) | J7: =IF($A7="","",IFERROR(LET(d,MAXIFS(tblTests[date],tblTests[id_nageur],$A7,tblTests[protocole],"T400",tblTests[valide],"oui"),IF(d=0,"",($B7-d)/7)),"")) | K7: =IF($A7="","",IFERROR((XLOOKUP($A7,tblObjectifs[cle_dashboard],tblObjectifs[date_objectif])-$B7)/7,"")) | L7: =IF($A7="","",IFS(C7<=1,"",AND(K7<>"",K7<=3),"affutage",G7="allegee","en_cours",AND(H7<>"",H7>=IF(R7<=2,5,3),C7>=IF(R7<=2,2,3)),"due",AND(F7<>"",F7>0.1),"volume_+10%",AND(E7<>"",E7>=8,P7<>"",P7>=8),"rpe_2sem",Q7>=2,"trop_casse",TRUE,"")) | M7: =IF($A7="","",IFS(AND(K7<>"",K7<=3),"pas_maintenant",G7="allegee","attendre_fin_deload",AND(E7<>"",E7>=8),"pas_maintenant",AND(I7<>"",I7>=5,J7<>"",J7>=7),"tester_A_et_B",AND(I7<>"",I7>=5),"tester_A",AND(J7<>"",J7>=7),"tester_B",TRUE,"")) | N7: =IF($A7="","",TEXTJOIN(" · ",TRUE,IF(L7="due","Deload cette semaine (−30% vol, RPE≤6, pas de max)",""),IF(L7="en_cours","Deload en cours — garder le leger",""),IF(L7="volume_+10%","Volume +10% vs S-1 — alleger S+1",""),IF(L7="rpe_2sem","RPE eleve 2 sem — alleger maintenant",""),IF(L7="trop_casse","Trop de seances cassees — recup cette semaine",""),IF(L7="affutage","Affutage : plus de max, allure de course",""),IF(M7="tester_A","Retest A (T50+T100) apres une seance facile",""),IF(M7="tester_B","Retest B (T200+T400) a frais",""),IF(M7="tester_A_et_B","Retest A cette sem, B la suivante",""),IF(M7="attendre_fin_deload","Retest apres le deload, pas pendant",""),IF(M7="pas_maintenant","Pas de test a fond",""),IF(AND(L7="",M7=""),"Charge OK — semaine normale",""))) | O7: =IF($A7="","",SUMIFS(tblSeances[volume_m],tblSeances[id_nageur],$A7,tblSeances[lundi],$B7-7,tblSeances[faite],"oui")) | P7: =IF($A7="","",IFERROR(AVERAGEIFS(tblSeances[rpe],tblSeances[id_nageur],$A7,tblSeances[lundi],$B7-7,tblSeances[faite],"oui"),"")) | Q7: =IF($A7="","",COUNTIFS(tblSeances[id_nageur],$A7,tblSeances[lundi],$B7,tblSeances[qualite],"casse")) | R7: =IF($A7="","",IFERROR(INDEX(tblNageurs[seances_sem],MATCH($A7,tblNageurs[id],0)),3))
C8: =IF($A8="","",COUNTIFS(tblSeances[id_nageur],$A8,tblSeances[lundi],$B8,tblSeances[faite],"oui")) | D8: =IF($A8="","",SUMIFS(tblSeances[volume_m],tblSeances[id_nageur],$A8,tblSeances[lundi],$B8,tblSeances[faite],"oui")) | E8: =IF($A8="","",IFERROR(AVERAGEIFS(tblSeances[rpe],tblSeances[id_nageur],$A8,tblSeances[lundi],$B8,tblSeances[faite],"oui"),"")) | F8: =IF(OR($A8="",O8="",O8=0),"", (D8-O8)/O8) | G8: =IF($A8="","",IFERROR(INDEX(FILTER(tblSeances[type_semaine],(tblSeances[id_nageur]=$A8)*(tblSeances[lundi]=$B8)*(tblSeances[type_semaine]<>"")),1),IF(AND(O8>0,D8<=0.7*O8),"allegee","normale"))) | H8: =IF($A8="","",IFERROR(LET(d,MAXIFS(tblSeances[lundi],tblSeances[id_nageur],$A8,tblSeances[type_semaine],"allegee"),IF(d=0,"",($B8-d)/7)),"")) | I8: =IF($A8="","",IFERROR(LET(d,MAXIFS(tblTests[date],tblTests[id_nageur],$A8,tblTests[protocole],"T100",tblTests[valide],"oui"),IF(d=0,"",($B8-d)/7)),"")) | J8: =IF($A8="","",IFERROR(LET(d,MAXIFS(tblTests[date],tblTests[id_nageur],$A8,tblTests[protocole],"T400",tblTests[valide],"oui"),IF(d=0,"",($B8-d)/7)),"")) | K8: =IF($A8="","",IFERROR((XLOOKUP($A8,tblObjectifs[cle_dashboard],tblObjectifs[date_objectif])-$B8)/7,"")) | L8: =IF($A8="","",IFS(C8<=1,"",AND(K8<>"",K8<=3),"affutage",G8="allegee","en_cours",AND(H8<>"",H8>=IF(R8<=2,5,3),C8>=IF(R8<=2,2,3)),"due",AND(F8<>"",F8>0.1),"volume_+10%",AND(E8<>"",E8>=8,P8<>"",P8>=8),"rpe_2sem",Q8>=2,"trop_casse",TRUE,"")) | M8: =IF($A8="","",IFS(AND(K8<>"",K8<=3),"pas_maintenant",G8="allegee","attendre_fin_deload",AND(E8<>"",E8>=8),"pas_maintenant",AND(I8<>"",I8>=5,J8<>"",J8>=7),"tester_A_et_B",AND(I8<>"",I8>=5),"tester_A",AND(J8<>"",J8>=7),"tester_B",TRUE,"")) | N8: =IF($A8="","",TEXTJOIN(" · ",TRUE,IF(L8="due","Deload cette semaine (−30% vol, RPE≤6, pas de max)",""),IF(L8="en_cours","Deload en cours — garder le leger",""),IF(L8="volume_+10%","Volume +10% vs S-1 — alleger S+1",""),IF(L8="rpe_2sem","RPE eleve 2 sem — alleger maintenant",""),IF(L8="trop_casse","Trop de seances cassees — recup cette semaine",""),IF(L8="affutage","Affutage : plus de max, allure de course",""),IF(M8="tester_A","Retest A (T50+T100) apres une seance facile",""),IF(M8="tester_B","Retest B (T200+T400) a frais",""),IF(M8="tester_A_et_B","Retest A cette sem, B la suivante",""),IF(M8="attendre_fin_deload","Retest apres le deload, pas pendant",""),IF(M8="pas_maintenant","Pas de test a fond",""),IF(AND(L8="",M8=""),"Charge OK — semaine normale",""))) | O8: =IF($A8="","",SUMIFS(tblSeances[volume_m],tblSeances[id_nageur],$A8,tblSeances[lundi],$B8-7,tblSeances[faite],"oui")) | P8: =IF($A8="","",IFERROR(AVERAGEIFS(tblSeances[rpe],tblSeances[id_nageur],$A8,tblSeances[lundi],$B8-7,tblSeances[faite],"oui"),"")) | Q8: =IF($A8="","",COUNTIFS(tblSeances[id_nageur],$A8,tblSeances[lundi],$B8,tblSeances[qualite],"casse")) | R8: =IF($A8="","",IFERROR(INDEX(tblNageurs[seances_sem],MATCH($A8,tblNageurs[id],0)),3))
C9: =IF($A9="","",COUNTIFS(tblSeances[id_nageur],$A9,tblSeances[lundi],$B9,tblSeances[faite],"oui")) | D9: =IF($A9="","",SUMIFS(tblSeances[volume_m],tblSeances[id_nageur],$A9,tblSeances[lundi],$B9,tblSeances[faite],"oui")) | E9: =IF($A9="","",IFERROR(AVERAGEIFS(tblSeances[rpe],tblSeances[id_nageur],$A9,tblSeances[lundi],$B9,tblSeances[faite],"oui"),"")) | F9: =IF(OR($A9="",O9="",O9=0),"", (D9-O9)/O9) | G9: =IF($A9="","",IFERROR(INDEX(FILTER(tblSeances[type_semaine],(tblSeances[id_nageur]=$A9)*(tblSeances[lundi]=$B9)*(tblSeances[type_semaine]<>"")),1),IF(AND(O9>0,D9<=0.7*O9),"allegee","normale"))) | H9: =IF($A9="","",IFERROR(LET(d,MAXIFS(tblSeances[lundi],tblSeances[id_nageur],$A9,tblSeances[type_semaine],"allegee"),IF(d=0,"",($B9-d)/7)),"")) | I9: =IF($A9="","",IFERROR(LET(d,MAXIFS(tblTests[date],tblTests[id_nageur],$A9,tblTests[protocole],"T100",tblTests[valide],"oui"),IF(d=0,"",($B9-d)/7)),"")) | J9: =IF($A9="","",IFERROR(LET(d,MAXIFS(tblTests[date],tblTests[id_nageur],$A9,tblTests[protocole],"T400",tblTests[valide],"oui"),IF(d=0,"",($B9-d)/7)),"")) | K9: =IF($A9="","",IFERROR((XLOOKUP($A9,tblObjectifs[cle_dashboard],tblObjectifs[date_objectif])-$B9)/7,"")) | L9: =IF($A9="","",IFS(C9<=1,"",AND(K9<>"",K9<=3),"affutage",G9="allegee","en_cours",AND(H9<>"",H9>=IF(R9<=2,5,3),C9>=IF(R9<=2,2,3)),"due",AND(F9<>"",F9>0.1),"volume_+10%",AND(E9<>"",E9>=8,P9<>"",P9>=8),"rpe_2sem",Q9>=2,"trop_casse",TRUE,"")) | M9: =IF($A9="","",IFS(AND(K9<>"",K9<=3),"pas_maintenant",G9="allegee","attendre_fin_deload",AND(E9<>"",E9>=8),"pas_maintenant",AND(I9<>"",I9>=5,J9<>"",J9>=7),"tester_A_et_B",AND(I9<>"",I9>=5),"tester_A",AND(J9<>"",J9>=7),"tester_B",TRUE,"")) | N9: =IF($A9="","",TEXTJOIN(" · ",TRUE,IF(L9="due","Deload cette semaine (−30% vol, RPE≤6, pas de max)",""),IF(L9="en_cours","Deload en cours — garder le leger",""),IF(L9="volume_+10%","Volume +10% vs S-1 — alleger S+1",""),IF(L9="rpe_2sem","RPE eleve 2 sem — alleger maintenant",""),IF(L9="trop_casse","Trop de seances cassees — recup cette semaine",""),IF(L9="affutage","Affutage : plus de max, allure de course",""),IF(M9="tester_A","Retest A (T50+T100) apres une seance facile",""),IF(M9="tester_B","Retest B (T200+T400) a frais",""),IF(M9="tester_A_et_B","Retest A cette sem, B la suivante",""),IF(M9="attendre_fin_deload","Retest apres le deload, pas pendant",""),IF(M9="pas_maintenant","Pas de test a fond",""),IF(AND(L9="",M9=""),"Charge OK — semaine normale",""))) | O9: =IF($A9="","",SUMIFS(tblSeances[volume_m],tblSeances[id_nageur],$A9,tblSeances[lundi],$B9-7,tblSeances[faite],"oui")) | P9: =IF($A9="","",IFERROR(AVERAGEIFS(tblSeances[rpe],tblSeances[id_nageur],$A9,tblSeances[lundi],$B9-7,tblSeances[faite],"oui"),"")) | Q9: =IF($A9="","",COUNTIFS(tblSeances[id_nageur],$A9,tblSeances[lundi],$B9,tblSeances[qualite],"casse")) | R9: =IF($A9="","",IFERROR(INDEX(tblNageurs[seances_sem],MATCH($A9,tblNageurs[id],0)),3))
C10: =IF($A10="","",COUNTIFS(tblSeances[id_nageur],$A10,tblSeances[lundi],$B10,tblSeances[faite],"oui")) | D10: =IF($A10="","",SUMIFS(tblSeances[volume_m],tblSeances[id_nageur],$A10,tblSeances[lundi],$B10,tblSeances[faite],"oui")) | E10: =IF($A10="","",IFERROR(AVERAGEIFS(tblSeances[rpe],tblSeances[id_nageur],$A10,tblSeances[lundi],$B10,tblSeances[faite],"oui"),"")) | F10: =IF(OR($A10="",O10="",O10=0),"", (D10-O10)/O10) | G10: =IF($A10="","",IFERROR(INDEX(FILTER(tblSeances[type_semaine],(tblSeances[id_nageur]=$A10)*(tblSeances[lundi]=$B10)*(tblSeances[type_semaine]<>"")),1),IF(AND(O10>0,D10<=0.7*O10),"allegee","normale"))) | H10: =IF($A10="","",IFERROR(LET(d,MAXIFS(tblSeances[lundi],tblSeances[id_nageur],$A10,tblSeances[type_semaine],"allegee"),IF(d=0,"",($B10-d)/7)),"")) | I10: =IF($A10="","",IFERROR(LET(d,MAXIFS(tblTests[date],tblTests[id_nageur],$A10,tblTests[protocole],"T100",tblTests[valide],"oui"),IF(d=0,"",($B10-d)/7)),"")) | J10: =IF($A10="","",IFERROR(LET(d,MAXIFS(tblTests[date],tblTests[id_nageur],$A10,tblTests[protocole],"T400",tblTests[valide],"oui"),IF(d=0,"",($B10-d)/7)),"")) | K10: =IF($A10="","",IFERROR((XLOOKUP($A10,tblObjectifs[cle_dashboard],tblObjectifs[date_objectif])-$B10)/7,"")) | L10: =IF($A10="","",IFS(C10<=1,"",AND(K10<>"",K10<=3),"affutage",G10="allegee","en_cours",AND(H10<>"",H10>=IF(R10<=2,5,3),C10>=IF(R10<=2,2,3)),"due",AND(F10<>"",F10>0.1),"volume_+10%",AND(E10<>"",E10>=8,P10<>"",P10>=8),"rpe_2sem",Q10>=2,"trop_casse",TRUE,"")) | M10: =IF($A10="","",IFS(AND(K10<>"",K10<=3),"pas_maintenant",G10="allegee","attendre_fin_deload",AND(E10<>"",E10>=8),"pas_maintenant",AND(I10<>"",I10>=5,J10<>"",J10>=7),"tester_A_et_B",AND(I10<>"",I10>=5),"tester_A",AND(J10<>"",J10>=7),"tester_B",TRUE,"")) | N10: =IF($A10="","",TEXTJOIN(" · ",TRUE,IF(L10="due","Deload cette semaine (−30% vol, RPE≤6, pas de max)",""),IF(L10="en_cours","Deload en cours — garder le leger",""),IF(L10="volume_+10%","Volume +10% vs S-1 — alleger S+1",""),IF(L10="rpe_2sem","RPE eleve 2 sem — alleger maintenant",""),IF(L10="trop_casse","Trop de seances cassees — recup cette semaine",""),IF(L10="affutage","Affutage : plus de max, allure de course",""),IF(M10="tester_A","Retest A (T50+T100) apres une seance facile",""),IF(M10="tester_B","Retest B (T200+T400) a frais",""),IF(M10="tester_A_et_B","Retest A cette sem, B la suivante",""),IF(M10="attendre_fin_deload","Retest apres le deload, pas pendant",""),IF(M10="pas_maintenant","Pas de test a fond",""),IF(AND(L10="",M10=""),"Charge OK — semaine normale",""))) | O10: =IF($A10="","",SUMIFS(tblSeances[volume_m],tblSeances[id_nageur],$A10,tblSeances[lundi],$B10-7,tblSeances[faite],"oui")) | P10: =IF($A10="","",IFERROR(AVERAGEIFS(tblSeances[rpe],tblSeances[id_nageur],$A10,tblSeances[lundi],$B10-7,tblSeances[faite],"oui"),"")) | Q10: =IF($A10="","",COUNTIFS(tblSeances[id_nageur],$A10,tblSeances[lundi],$B10,tblSeances[qualite],"casse")) | R10: =IF($A10="","",IFERROR(INDEX(tblNageurs[seances_sem],MATCH($A10,tblNageurs[id],0)),3))
C11: =IF($A11="","",COUNTIFS(tblSeances[id_nageur],$A11,tblSeances[lundi],$B11,tblSeances[faite],"oui")) | D11: =IF($A11="","",SUMIFS(tblSeances[volume_m],tblSeances[id_nageur],$A11,tblSeances[lundi],$B11,tblSeances[faite],"oui")) | E11: =IF($A11="","",IFERROR(AVERAGEIFS(tblSeances[rpe],tblSeances[id_nageur],$A11,tblSeances[lundi],$B11,tblSeances[faite],"oui"),"")) | F11: =IF(OR($A11="",O11="",O11=0),"", (D11-O11)/O11) | G11: =IF($A11="","",IFERROR(INDEX(FILTER(tblSeances[type_semaine],(tblSeances[id_nageur]=$A11)*(tblSeances[lundi]=$B11)*(tblSeances[type_semaine]<>"")),1),IF(AND(O11>0,D11<=0.7*O11),"allegee","normale"))) | H11: =IF($A11="","",IFERROR(LET(d,MAXIFS(tblSeances[lundi],tblSeances[id_nageur],$A11,tblSeances[type_semaine],"allegee"),IF(d=0,"",($B11-d)/7)),"")) | I11: =IF($A11="","",IFERROR(LET(d,MAXIFS(tblTests[date],tblTests[id_nageur],$A11,tblTests[protocole],"T100",tblTests[valide],"oui"),IF(d=0,"",($B11-d)/7)),"")) | J11: =IF($A11="","",IFERROR(LET(d,MAXIFS(tblTests[date],tblTests[id_nageur],$A11,tblTests[protocole],"T400",tblTests[valide],"oui"),IF(d=0,"",($B11-d)/7)),"")) | K11: =IF($A11="","",IFERROR((XLOOKUP($A11,tblObjectifs[cle_dashboard],tblObjectifs[date_objectif])-$B11)/7,"")) | L11: =IF($A11="","",IFS(C11<=1,"",AND(K11<>"",K11<=3),"affutage",G11="allegee","en_cours",AND(H11<>"",H11>=IF(R11<=2,5,3),C11>=IF(R11<=2,2,3)),"due",AND(F11<>"",F11>0.1),"volume_+10%",AND(E11<>"",E11>=8,P11<>"",P11>=8),"rpe_2sem",Q11>=2,"trop_casse",TRUE,"")) | M11: =IF($A11="","",IFS(AND(K11<>"",K11<=3),"pas_maintenant",G11="allegee","attendre_fin_deload",AND(E11<>"",E11>=8),"pas_maintenant",AND(I11<>"",I11>=5,J11<>"",J11>=7),"tester_A_et_B",AND(I11<>"",I11>=5),"tester_A",AND(J11<>"",J11>=7),"tester_B",TRUE,"")) | N11: =IF($A11="","",TEXTJOIN(" · ",TRUE,IF(L11="due","Deload cette semaine (−30% vol, RPE≤6, pas de max)",""),IF(L11="en_cours","Deload en cours — garder le leger",""),IF(L11="volume_+10%","Volume +10% vs S-1 — alleger S+1",""),IF(L11="rpe_2sem","RPE eleve 2 sem — alleger maintenant",""),IF(L11="trop_casse","Trop de seances cassees — recup cette semaine",""),IF(L11="affutage","Affutage : plus de max, allure de course",""),IF(M11="tester_A","Retest A (T50+T100) apres une seance facile",""),IF(M11="tester_B","Retest B (T200+T400) a frais",""),IF(M11="tester_A_et_B","Retest A cette sem, B la suivante",""),IF(M11="attendre_fin_deload","Retest apres le deload, pas pendant",""),IF(M11="pas_maintenant","Pas de test a fond",""),IF(AND(L11="",M11=""),"Charge OK — semaine normale",""))) | O11: =IF($A11="","",SUMIFS(tblSeances[volume_m],tblSeances[id_nageur],$A11,tblSeances[lundi],$B11-7,tblSeances[faite],"oui")) | P11: =IF($A11="","",IFERROR(AVERAGEIFS(tblSeances[rpe],tblSeances[id_nageur],$A11,tblSeances[lundi],$B11-7,tblSeances[faite],"oui"),"")) | Q11: =IF($A11="","",COUNTIFS(tblSeances[id_nageur],$A11,tblSeances[lundi],$B11,tblSeances[qualite],"casse")) | R11: =IF($A11="","",IFERROR(INDEX(tblNageurs[seances_sem],MATCH($A11,tblNageurs[id],0)),3))
C12: =IF($A12="","",COUNTIFS(tblSeances[id_nageur],$A12,tblSeances[lundi],$B12,tblSeances[faite],"oui")) | D12: =IF($A12="","",SUMIFS(tblSeances[volume_m],tblSeances[id_nageur],$A12,tblSeances[lundi],$B12,tblSeances[faite],"oui")) | E12: =IF($A12="","",IFERROR(AVERAGEIFS(tblSeances[rpe],tblSeances[id_nageur],$A12,tblSeances[lundi],$B12,tblSeances[faite],"oui"),"")) | F12: =IF(OR($A12="",O12="",O12=0),"", (D12-O12)/O12) | G12: =IF($A12="","",IFERROR(INDEX(FILTER(tblSeances[type_semaine],(tblSeances[id_nageur]=$A12)*(tblSeances[lundi]=$B12)*(tblSeances[type_semaine]<>"")),1),IF(AND(O12>0,D12<=0.7*O12),"allegee","normale"))) | H12: =IF($A12="","",IFERROR(LET(d,MAXIFS(tblSeances[lundi],tblSeances[id_nageur],$A12,tblSeances[type_semaine],"allegee"),IF(d=0,"",($B12-d)/7)),"")) | I12: =IF($A12="","",IFERROR(LET(d,MAXIFS(tblTests[date],tblTests[id_nageur],$A12,tblTests[protocole],"T100",tblTests[valide],"oui"),IF(d=0,"",($B12-d)/7)),"")) | J12: =IF($A12="","",IFERROR(LET(d,MAXIFS(tblTests[date],tblTests[id_nageur],$A12,tblTests[protocole],"T400",tblTests[valide],"oui"),IF(d=0,"",($B12-d)/7)),"")) | K12: =IF($A12="","",IFERROR((XLOOKUP($A12,tblObjectifs[cle_dashboard],tblObjectifs[date_objectif])-$B12)/7,"")) | L12: =IF($A12="","",IFS(C12<=1,"",AND(K12<>"",K12<=3),"affutage",G12="allegee","en_cours",AND(H12<>"",H12>=IF(R12<=2,5,3),C12>=IF(R12<=2,2,3)),"due",AND(F12<>"",F12>0.1),"volume_+10%",AND(E12<>"",E12>=8,P12<>"",P12>=8),"rpe_2sem",Q12>=2,"trop_casse",TRUE,"")) | M12: =IF($A12="","",IFS(AND(K12<>"",K12<=3),"pas_maintenant",G12="allegee","attendre_fin_deload",AND(E12<>"",E12>=8),"pas_maintenant",AND(I12<>"",I12>=5,J12<>"",J12>=7),"tester_A_et_B",AND(I12<>"",I12>=5),"tester_A",AND(J12<>"",J12>=7),"tester_B",TRUE,"")) | N12: =IF($A12="","",TEXTJOIN(" · ",TRUE,IF(L12="due","Deload cette semaine (−30% vol, RPE≤6, pas de max)",""),IF(L12="en_cours","Deload en cours — garder le leger",""),IF(L12="volume_+10%","Volume +10% vs S-1 — alleger S+1",""),IF(L12="rpe_2sem","RPE eleve 2 sem — alleger maintenant",""),IF(L12="trop_casse","Trop de seances cassees — recup cette semaine",""),IF(L12="affutage","Affutage : plus de max, allure de course",""),IF(M12="tester_A","Retest A (T50+T100) apres une seance facile",""),IF(M12="tester_B","Retest B (T200+T400) a frais",""),IF(M12="tester_A_et_B","Retest A cette sem, B la suivante",""),IF(M12="attendre_fin_deload","Retest apres le deload, pas pendant",""),IF(M12="pas_maintenant","Pas de test a fond",""),IF(AND(L12="",M12=""),"Charge OK — semaine normale",""))) | O12: =IF($A12="","",SUMIFS(tblSeances[volume_m],tblSeances[id_nageur],$A12,tblSeances[lundi],$B12-7,tblSeances[faite],"oui")) | P12: =IF($A12="","",IFERROR(AVERAGEIFS(tblSeances[rpe],tblSeances[id_nageur],$A12,tblSeances[lundi],$B12-7,tblSeances[faite],"oui"),"")) | Q12: =IF($A12="","",COUNTIFS(tblSeances[id_nageur],$A12,tblSeances[lundi],$B12,tblSeances[qualite],"casse")) | R12: =IF($A12="","",IFERROR(INDEX(tblNageurs[seances_sem],MATCH($A12,tblNageurs[id],0)),3))
C13: =IF($A13="","",COUNTIFS(tblSeances[id_nageur],$A13,tblSeances[lundi],$B13,tblSeances[faite],"oui")) | D13: =IF($A13="","",SUMIFS(tblSeances[volume_m],tblSeances[id_nageur],$A13,tblSeances[lundi],$B13,tblSeances[faite],"oui")) | E13: =IF($A13="","",IFERROR(AVERAGEIFS(tblSeances[rpe],tblSeances[id_nageur],$A13,tblSeances[lundi],$B13,tblSeances[faite],"oui"),"")) | F13: =IF(OR($A13="",O13="",O13=0),"", (D13-O13)/O13) | G13: =IF($A13="","",IFERROR(INDEX(FILTER(tblSeances[type_semaine],(tblSeances[id_nageur]=$A13)*(tblSeances[lundi]=$B13)*(tblSeances[type_semaine]<>"")),1),IF(AND(O13>0,D13<=0.7*O13),"allegee","normale"))) | H13: =IF($A13="","",IFERROR(LET(d,MAXIFS(tblSeances[lundi],tblSeances[id_nageur],$A13,tblSeances[type_semaine],"allegee"),IF(d=0,"",($B13-d)/7)),"")) | I13: =IF($A13="","",IFERROR(LET(d,MAXIFS(tblTests[date],tblTests[id_nageur],$A13,tblTests[protocole],"T100",tblTests[valide],"oui"),IF(d=0,"",($B13-d)/7)),"")) | J13: =IF($A13="","",IFERROR(LET(d,MAXIFS(tblTests[date],tblTests[id_nageur],$A13,tblTests[protocole],"T400",tblTests[valide],"oui"),IF(d=0,"",($B13-d)/7)),"")) | K13: =IF($A13="","",IFERROR((XLOOKUP($A13,tblObjectifs[cle_dashboard],tblObjectifs[date_objectif])-$B13)/7,"")) | L13: =IF($A13="","",IFS(C13<=1,"",AND(K13<>"",K13<=3),"affutage",G13="allegee","en_cours",AND(H13<>"",H13>=IF(R13<=2,5,3),C13>=IF(R13<=2,2,3)),"due",AND(F13<>"",F13>0.1),"volume_+10%",AND(E13<>"",E13>=8,P13<>"",P13>=8),"rpe_2sem",Q13>=2,"trop_casse",TRUE,"")) | M13: =IF($A13="","",IFS(AND(K13<>"",K13<=3),"pas_maintenant",G13="allegee","attendre_fin_deload",AND(E13<>"",E13>=8),"pas_maintenant",AND(I13<>"",I13>=5,J13<>"",J13>=7),"tester_A_et_B",AND(I13<>"",I13>=5),"tester_A",AND(J13<>"",J13>=7),"tester_B",TRUE,"")) | N13: =IF($A13="","",TEXTJOIN(" · ",TRUE,IF(L13="due","Deload cette semaine (−30% vol, RPE≤6, pas de max)",""),IF(L13="en_cours","Deload en cours — garder le leger",""),IF(L13="volume_+10%","Volume +10% vs S-1 — alleger S+1",""),IF(L13="rpe_2sem","RPE eleve 2 sem — alleger maintenant",""),IF(L13="trop_casse","Trop de seances cassees — recup cette semaine",""),IF(L13="affutage","Affutage : plus de max, allure de course",""),IF(M13="tester_A","Retest A (T50+T100) apres une seance facile",""),IF(M13="tester_B","Retest B (T200+T400) a frais",""),IF(M13="tester_A_et_B","Retest A cette sem, B la suivante",""),IF(M13="attendre_fin_deload","Retest apres le deload, pas pendant",""),IF(M13="pas_maintenant","Pas de test a fond",""),IF(AND(L13="",M13=""),"Charge OK — semaine normale",""))) | O13: =IF($A13="","",SUMIFS(tblSeances[volume_m],tblSeances[id_nageur],$A13,tblSeances[lundi],$B13-7,tblSeances[faite],"oui")) | P13: =IF($A13="","",IFERROR(AVERAGEIFS(tblSeances[rpe],tblSeances[id_nageur],$A13,tblSeances[lundi],$B13-7,tblSeances[faite],"oui"),"")) | Q13: =IF($A13="","",COUNTIFS(tblSeances[id_nageur],$A13,tblSeances[lundi],$B13,tblSeances[qualite],"casse")) | R13: =IF($A13="","",IFERROR(INDEX(tblNageurs[seances_sem],MATCH($A13,tblNageurs[id],0)),3))
C14: =IF($A14="","",COUNTIFS(tblSeances[id_nageur],$A14,tblSeances[lundi],$B14,tblSeances[faite],"oui")) | D14: =IF($A14="","",SUMIFS(tblSeances[volume_m],tblSeances[id_nageur],$A14,tblSeances[lundi],$B14,tblSeances[faite],"oui")) | E14: =IF($A14="","",IFERROR(AVERAGEIFS(tblSeances[rpe],tblSeances[id_nageur],$A14,tblSeances[lundi],$B14,tblSeances[faite],"oui"),"")) | F14: =IF(OR($A14="",O14="",O14=0),"", (D14-O14)/O14) | G14: =IF($A14="","",IFERROR(INDEX(FILTER(tblSeances[type_semaine],(tblSeances[id_nageur]=$A14)*(tblSeances[lundi]=$B14)*(tblSeances[type_semaine]<>"")),1),IF(AND(O14>0,D14<=0.7*O14),"allegee","normale"))) | H14: =IF($A14="","",IFERROR(LET(d,MAXIFS(tblSeances[lundi],tblSeances[id_nageur],$A14,tblSeances[type_semaine],"allegee"),IF(d=0,"",($B14-d)/7)),"")) | I14: =IF($A14="","",IFERROR(LET(d,MAXIFS(tblTests[date],tblTests[id_nageur],$A14,tblTests[protocole],"T100",tblTests[valide],"oui"),IF(d=0,"",($B14-d)/7)),"")) | J14: =IF($A14="","",IFERROR(LET(d,MAXIFS(tblTests[date],tblTests[id_nageur],$A14,tblTests[protocole],"T400",tblTests[valide],"oui"),IF(d=0,"",($B14-d)/7)),"")) | K14: =IF($A14="","",IFERROR((XLOOKUP($A14,tblObjectifs[cle_dashboard],tblObjectifs[date_objectif])-$B14)/7,"")) | L14: =IF($A14="","",IFS(C14<=1,"",AND(K14<>"",K14<=3),"affutage",G14="allegee","en_cours",AND(H14<>"",H14>=IF(R14<=2,5,3),C14>=IF(R14<=2,2,3)),"due",AND(F14<>"",F14>0.1),"volume_+10%",AND(E14<>"",E14>=8,P14<>"",P14>=8),"rpe_2sem",Q14>=2,"trop_casse",TRUE,"")) | M14: =IF($A14="","",IFS(AND(K14<>"",K14<=3),"pas_maintenant",G14="allegee","attendre_fin_deload",AND(E14<>"",E14>=8),"pas_maintenant",AND(I14<>"",I14>=5,J14<>"",J14>=7),"tester_A_et_B",AND(I14<>"",I14>=5),"tester_A",AND(J14<>"",J14>=7),"tester_B",TRUE,"")) | N14: =IF($A14="","",TEXTJOIN(" · ",TRUE,IF(L14="due","Deload cette semaine (−30% vol, RPE≤6, pas de max)",""),IF(L14="en_cours","Deload en cours — garder le leger",""),IF(L14="volume_+10%","Volume +10% vs S-1 — alleger S+1",""),IF(L14="rpe_2sem","RPE eleve 2 sem — alleger maintenant",""),IF(L14="trop_casse","Trop de seances cassees — recup cette semaine",""),IF(L14="affutage","Affutage : plus de max, allure de course",""),IF(M14="tester_A","Retest A (T50+T100) apres une seance facile",""),IF(M14="tester_B","Retest B (T200+T400) a frais",""),IF(M14="tester_A_et_B","Retest A cette sem, B la suivante",""),IF(M14="attendre_fin_deload","Retest apres le deload, pas pendant",""),IF(M14="pas_maintenant","Pas de test a fond",""),IF(AND(L14="",M14=""),"Charge OK — semaine normale",""))) | O14: =IF($A14="","",SUMIFS(tblSeances[volume_m],tblSeances[id_nageur],$A14,tblSeances[lundi],$B14-7,tblSeances[faite],"oui")) | P14: =IF($A14="","",IFERROR(AVERAGEIFS(tblSeances[rpe],tblSeances[id_nageur],$A14,tblSeances[lundi],$B14-7,tblSeances[faite],"oui"),"")) | Q14: =IF($A14="","",COUNTIFS(tblSeances[id_nageur],$A14,tblSeances[lundi],$B14,tblSeances[qualite],"casse")) | R14: =IF($A14="","",IFERROR(INDEX(tblNageurs[seances_sem],MATCH($A14,tblNageurs[id],0)),3))
C15: =IF($A15="","",COUNTIFS(tblSeances[id_nageur],$A15,tblSeances[lundi],$B15,tblSeances[faite],"oui")) | D15: =IF($A15="","",SUMIFS(tblSeances[volume_m],tblSeances[id_nageur],$A15,tblSeances[lundi],$B15,tblSeances[faite],"oui")) | E15: =IF($A15="","",IFERROR(AVERAGEIFS(tblSeances[rpe],tblSeances[id_nageur],$A15,tblSeances[lundi],$B15,tblSeances[faite],"oui"),"")) | F15: =IF(OR($A15="",O15="",O15=0),"", (D15-O15)/O15) | G15: =IF($A15="","",IFERROR(INDEX(FILTER(tblSeances[type_semaine],(tblSeances[id_nageur]=$A15)*(tblSeances[lundi]=$B15)*(tblSeances[type_semaine]<>"")),1),IF(AND(O15>0,D15<=0.7*O15),"allegee","normale"))) | H15: =IF($A15="","",IFERROR(LET(d,MAXIFS(tblSeances[lundi],tblSeances[id_nageur],$A15,tblSeances[type_semaine],"allegee"),IF(d=0,"",($B15-d)/7)),"")) | I15: =IF($A15="","",IFERROR(LET(d,MAXIFS(tblTests[date],tblTests[id_nageur],$A15,tblTests[protocole],"T100",tblTests[valide],"oui"),IF(d=0,"",($B15-d)/7)),"")) | J15: =IF($A15="","",IFERROR(LET(d,MAXIFS(tblTests[date],tblTests[id_nageur],$A15,tblTests[protocole],"T400",tblTests[valide],"oui"),IF(d=0,"",($B15-d)/7)),"")) | K15: =IF($A15="","",IFERROR((XLOOKUP($A15,tblObjectifs[cle_dashboard],tblObjectifs[date_objectif])-$B15)/7,"")) | L15: =IF($A15="","",IFS(C15<=1,"",AND(K15<>"",K15<=3),"affutage",G15="allegee","en_cours",AND(H15<>"",H15>=IF(R15<=2,5,3),C15>=IF(R15<=2,2,3)),"due",AND(F15<>"",F15>0.1),"volume_+10%",AND(E15<>"",E15>=8,P15<>"",P15>=8),"rpe_2sem",Q15>=2,"trop_casse",TRUE,"")) | M15: =IF($A15="","",IFS(AND(K15<>"",K15<=3),"pas_maintenant",G15="allegee","attendre_fin_deload",AND(E15<>"",E15>=8),"pas_maintenant",AND(I15<>"",I15>=5,J15<>"",J15>=7),"tester_A_et_B",AND(I15<>"",I15>=5),"tester_A",AND(J15<>"",J15>=7),"tester_B",TRUE,"")) | N15: =IF($A15="","",TEXTJOIN(" · ",TRUE,IF(L15="due","Deload cette semaine (−30% vol, RPE≤6, pas de max)",""),IF(L15="en_cours","Deload en cours — garder le leger",""),IF(L15="volume_+10%","Volume +10% vs S-1 — alleger S+1",""),IF(L15="rpe_2sem","RPE eleve 2 sem — alleger maintenant",""),IF(L15="trop_casse","Trop de seances cassees — recup cette semaine",""),IF(L15="affutage","Affutage : plus de max, allure de course",""),IF(M15="tester_A","Retest A (T50+T100) apres une seance facile",""),IF(M15="tester_B","Retest B (T200+T400) a frais",""),IF(M15="tester_A_et_B","Retest A cette sem, B la suivante",""),IF(M15="attendre_fin_deload","Retest apres le deload, pas pendant",""),IF(M15="pas_maintenant","Pas de test a fond",""),IF(AND(L15="",M15=""),"Charge OK — semaine normale",""))) | O15: =IF($A15="","",SUMIFS(tblSeances[volume_m],tblSeances[id_nageur],$A15,tblSeances[lundi],$B15-7,tblSeances[faite],"oui")) | P15: =IF($A15="","",IFERROR(AVERAGEIFS(tblSeances[rpe],tblSeances[id_nageur],$A15,tblSeances[lundi],$B15-7,tblSeances[faite],"oui"),"")) | Q15: =IF($A15="","",COUNTIFS(tblSeances[id_nageur],$A15,tblSeances[lundi],$B15,tblSeances[qualite],"casse")) | R15: =IF($A15="","",IFERROR(INDEX(tblNageurs[seances_sem],MATCH($A15,tblNageurs[id],0)),3))
